year,island,area,transect,Callosciurus_caniceps,Chiropodomys_gliroides,Echinosorex_gymnurus,Maxomys_surifer,Maxomys_whiteheadi,Menetes_berdmorei,Niviventer_cremoriventer,Niviventer_fulvescen,Rattus_tiomanicus,Rhizomys_sumatrensis,Sundamys_muelleri,Tupaia_glis,richness
1992,2,0.4,1,0,0,0,0,0,0,0,0,3,0,0,0,1
1992,3,1.4,1,0,10,0,0,0,0,0,0,2,0,0,0,2
1992,3,1.4,2,0,7,0,0,0,0,0,0,4,0,0,0,2
1992,3,1.4,3,0,15,0,0,0,0,0,0,2,0,0,0,2
1992,5,12.1,1,0,0,0,0,0,0,0,0,0,0,0,1,1
1992,5,12.1,2,0,0,0,1,0,2,0,0,0,0,0,2,3
1992,5,12.1,3,0,0,0,0,0,0,0,0,0,0,0,2,1
1992,5,12.1,4,1,0,0,1,0,0,0,0,0,0,0,0,2
1992,6,56.3,1,0,5,0,0,0,1,0,0,7,0,0,0,3
1992,6,56.3,2,0,0,0,1,1,0,0,0,2,0,0,0,3
1992,6,56.3,3,0,0,0,3,1,0,2,0,0,0,0,3,4
1992,6,56.3,5,0,4,0,3,1,0,0,0,0,0,0,1,4
1992,6,56.3,6,0,0,0,2,4,1,0,0,0,0,0,0,3
1992,6,56.3,7,0,0,0,0,4,0,0,0,0,0,0,0,1
1992,6,56.3,8,0,1,0,0,1,0,0,0,0,0,2,0,4
1992,6,56.3,9,0,1,0,0,2,0,0,0,0,0,0,1,4
1992,6,56.3,10,0,1,0,1,2,0,0,0,1,0,0,0,4
1992,6,56.3,11,0,0,0,0,1,0,0,0,0,0,0,0,1
1992,6,56.3,12,0,0,0,3,3,0,0,0,0,0,0,1,3
1992,7,1.9,1,0,2,0,0,0,0,0,0,13,0,0,2,3
1992,9,10.4,1,0,0,0,4,0,0,0,0,8,0,1,4,4
1992,9,10.4,2,0,0,0,0,0,1,2,0,7,0,0,6,3
1992,9,10.4,3,1,0,0,3,0,4,0,0,5,0,0,1,5
1992,9,10.4,4,0,1,0,1,0,0,0,0,2,0,0,2,4
1992,16,0.3,1,0,0,0,0,0,2,0,0,4,0,0,0,2
1992,28,4.7,1,0,0,0,0,0,0,0,0,9,0,1,0,2
1992,33,1.7,1,0,0,0,0,0,0,0,2,1,0,0,0,1
1992,39,1,1,0,0,0,0,0,0,0,0,0,0,0,0,1
1992,40,0.8,1,0,0,0,0,1,0,0,0,1,0,0,0,2
1992,41,1.1,1,0,1,0,0,0,0,0,0,6,0,1,0,3
1993,3,1.4,1,0,0,0,0,0,0,0,0,2,0,0,0,1
1993,3,1.4,2,0,5,0,0,0,0,0,0,4,0,0,0,2
1993,3,1.4,3,0,5,0,0,0,0,0,0,1,0,0,0,2
1993,5,12.1,1,0,0,0,0,0,0,0,0,3,0,0,0,1
1993,5,12.1,2,0,5,0,0,0,0,0,0,2,0,0,0,2
1993,5,12.1,3,0,0,1,0,0,1,0,0,2,1,0,2,5
1993,5,12.1,4,0,0,1,1,0,0,0,0,1,0,0,0,3
1993,5,12.1,5,1,3,0,0,1,2,0,0,1,0,0,1,6
1993,6,56.3,1,1,7,0,1,0,0,0,1,12,0,0,1,6
1993,6,56.3,2,0,3,0,5,3,0,0,0,0,0,0,3,4
1993,6,56.3,3,0,0,0,4,1,2,0,0,7,1,1,0,5
1993,6,56.3,4,0,0,0,5,2,1,0,1,6,0,0,4,6
1993,6,56.3,5,0,2,0,2,2,0,0,0,1,0,0,4,5
1993,6,56.3,6,0,3,0,3,3,1,0,1,4,0,0,3,7
1993,6,56.3,7,0,2,1,2,2,0,0,0,12,2,1,2,8
1993,6,56.3,8,0,3,2,4,1,0,0,2,2,0,0,7,7
1993,6,56.3,9,0,7,1,3,1,1,0,0,5,0,0,4,7
1993,6,56.3,10,0,5,0,3,1,1,1,0,3,0,0,1,7
1993,6,56.3,11,0,0,0,2,0,0,0,0,1,0,0,2,3
1993,6,56.3,12,0,5,0,5,0,0,0,0,4,0,0,5,4
1993,7,1.9,1,0,1,0,0,0,0,0,0,11,0,1,0,3
1993,9,10.4,1,0,0,0,0,0,1,0,0,2,0,1,1,4
1993,9,10.4,2,0,0,0,0,0,0,0,0,5,0,1,4,3
1993,9,10.4,3,0,0,0,1,0,1,0,0,4,0,0,1,4
1993,9,10.4,4,0,0,0,1,0,1,0,0,5,0,0,2,3
1993,16,0.3,1,0,0,0,0,0,0,0,0,10,0,0,0,1
1993,28,4.7,1,0,0,0,0,0,0,0,0,15,0,0,0,1
1993,33,1.7,1,0,0,0,0,0,0,0,0,8,0,0,0,1
1993,39,1,1,0,0,0,0,0,0,0,2,8,0,0,0,2
1993,40,0.8,1,0,0,0,0,0,0,0,0,7,0,0,0,1
1993,41,1.1,1,0,1,0,0,0,0,0,0,11,0,1,0,3
1994,3,1.4,1,0,8,0,0,0,0,0,0,1,0,0,0,2
1994,3,1.4,2,0,0,0,0,0,0,0,0,4,0,0,0,1
1994,3,1.4,3,0,4,0,0,0,0,0,0,1,0,0,0,2
1994,5,12.1,1,0,0,0,1,0,0,0,0,10,0,0,0,2
1994,5,12.1,2,0,2,0,3,0,1,0,0,2,0,0,0,4
1994,5,12.1,3,0,0,1,1,0,0,0,0,12,0,0,0,3
1994,5,12.1,4,0,0,0,0,0,0,0,0,9,0,4,0,2
1994,5,12.1,5,0,0,0,4,0,1,0,3,3,0,1,0,5
1994,6,56.3,1,0,0,0,0,0,0,0,0,18,0,0,0,1
1994,6,56.3,2,0,0,0,3,4,0,1,0,1,0,0,0,4
1994,6,56.3,3,0,1,0,4,0,0,0,2,8,0,0,0,4
1994,6,56.3,4,0,0,0,1,4,1,0,2,8,0,0,0,5
1994,6,56.3,5,0,2,0,0,0,0,0,1,7,0,0,0,3
1994,6,56.3,6,0,0,0,0,0,0,0,0,7,0,1,0,2
1994,6,56.3,7,0,0,0,0,0,0,0,1,12,0,0,0,2
1994,6,56.3,8,0,0,1,0,1,1,0,0,2,0,1,0,5
1994,6,56.3,9,0,1,0,1,1,0,0,3,8,0,0,1,6
1994,6,56.3,10,0,0,0,3,1,0,0,1,7,1,0,0,5
1994,6,56.3,11,0,0,1,6,2,0,0,1,9,0,0,1,6
1994,6,56.3,12,0,0,0,0,0,0,1,0,11,0,0,1,3
1994,9,10.4,1,0,0,0,0,0,0,0,0,4,5,0,0,2
1994,9,10.4,2,0,0,0,0,0,0,0,0,2,1,0,3,3
1994,9,10.4,3,0,0,0,0,0,0,0,0,6,4,0,2,3
1994,9,10.4,4,0,0,0,3,0,0,0,0,8,1,0,1,4
1994,16,0.3,1,0,0,0,0,0,0,0,0,17,0,0,0,1
1994,28,4.7,1,0,0,0,0,0,0,0,0,4,0,0,0,1
1994,33,1.7,1,0,0,0,0,0,0,0,0,8,0,0,0,1
1994,39,1,1,0,0,0,0,0,0,0,0,4,0,0,0,1
1994,40,0.8,1,0,0,0,0,0,0,0,0,5,0,0,0,1
2012,2,0.4,1,0,0,0,0,0,0,0,0,11,0,0,0,1
2012,3,1.4,1,0,0,0,0,0,0,0,0,20,0,0,0,1
2012,3,1.4,2,0,0,0,0,0,0,0,0,19,0,0,0,1
2012,5,12.1,1,1,0,1,0,0,0,0,0,8,0,0,0,3
2012,5,12.1,2,0,0,0,0,0,0,0,0,12,0,0,0,1
2012,5,12.1,3,0,0,0,0,0,0,0,0,8,0,0,0,1
2012,5,12.1,4,0,0,0,0,0,0,0,0,10,0,0,0,1
2012,6,56.3,1,0,0,0,0,0,0,0,0,2,0,0,0,1
2012,6,56.3,2,0,0,0,0,0,0,0,0,1,0,0,0,1
2012,6,56.3,3,0,0,0,0,0,0,0,0,1,0,0,0,1
2012,6,56.3,4,0,0,0,0,0,1,0,0,3,0,0,0,2
2012,6,56.3,5,0,0,0,0,0,0,0,0,8,0,0,0,1
2012,6,56.3,6,0,0,1,0,0,0,0,0,3,0,0,0,2
2012,6,56.3,7,0,0,0,0,0,1,0,0,8,0,0,0,2
2012,6,56.3,8,0,0,0,0,0,0,0,0,5,0,0,0,1
2012,7,1.9,1,0,0,0,0,0,0,0,0,12,0,1,0,2
2012,9,10.4,1,0,0,0,0,0,0,0,0,10,0,0,0,1
2012,9,10.4,2,0,0,0,0,0,0,0,0,9,0,0,0,1
2012,9,10.4,3,0,0,0,0,0,0,0,0,7,0,0,0,1
2012,16,0.3,1,0,0,0,0,0,0,0,0,13,0,0,0,1
2012,28,4.7,1,0,0,0,0,0,0,0,0,16,0,0,0,1
2012,28,4.7,2,0,0,0,0,0,0,0,0,7,0,1,0,2
2012,33,1.7,1,0,0,0,0,0,0,0,0,15,0,0,0,1
2012,39,1,1,0,0,0,0,0,0,0,0,7,0,0,0,1
2012,40,0.8,1,0,0,0,0,0,0,0,0,6,0,0,0,1
2012,41,1.1,1,0,0,0,0,0,0,0,0,9,0,1,0,2
2012,X1,23.5,1,0,0,0,0,0,0,0,0,9,0,0,0,1
2012,X1,23.5,2,0,0,0,0,0,0,0,0,5,0,0,0,1
2012,X1,23.5,3,0,0,0,0,0,0,0,0,5,0,0,0,1
2012,X1,23.5,4,0,0,1,0,0,0,0,0,2,0,0,0,2
2012,X1,23.5,5,0,0,0,0,0,0,0,0,9,0,0,0,1
2012,X2,10.1,1,0,0,0,0,0,0,0,0,4,0,2,0,2
2012,X2,10.1,2,0,0,0,0,0,0,0,0,7,0,3,0,2
2012,X3,24.4,1,0,0,0,0,0,0,0,0,8,0,0,0,1
2012,X3,24.4,2,0,0,0,0,0,0,0,0,4,0,0,0,1
2012,X3,24.4,3,0,0,0,0,0,0,0,0,2,0,0,0,1
2012,X3,24.4,4,0,0,0,0,0,0,0,0,5,0,0,0,1
2012,X3,24.4,5,0,0,0,0,0,0,0,0,8,0,0,0,1
2012,X4,21.2,1,0,0,0,0,0,0,0,0,13,0,0,0,1
2012,X4,21.2,2,0,0,0,0,0,0,0,0,12,0,0,0,1
2012,X4,21.2,3,0,0,0,0,0,0,0,0,12,0,0,0,1
2012,X4,21.2,4,0,0,0,0,0,0,0,0,11,0,0,0,1
2012,X4,21.2,5,0,0,0,0,0,0,0,0,8,0,0,0,1
2013,2,0.4,1,0,0,0,0,0,0,0,0,3,0,0,0,1
2013,3,1.4,1,0,0,0,0,0,0,0,0,26,0,0,0,1
2013,3,1.4,2,0,0,0,0,0,0,0,0,21,0,0,0,1
2013,5,12.1,1,0,0,0,0,0,0,0,0,0,0,0,0,0
2013,5,12.1,2,0,0,0,0,0,0,0,0,12,0,0,0,1
2013,5,12.1,3,0,0,0,0,0,0,0,0,7,0,0,0,1
2013,5,12.1,4,0,0,0,0,0,0,0,0,8,0,0,0,1
2013,6,56.3,1,0,0,0,0,0,0,0,0,3,0,0,0,1
2013,6,56.3,2,1,0,0,0,0,0,0,0,0,0,0,1,2
2013,6,56.3,3,0,0,0,0,0,0,0,0,3,0,0,0,1
2013,6,56.3,4,0,0,0,0,0,2,0,0,7,0,0,0,2
2013,6,56.3,5,0,0,0,0,0,0,0,0,2,0,0,0,1
2013,6,56.3,6,0,0,1,0,0,0,0,0,3,0,0,0,2
2013,6,56.3,7,0,0,0,0,0,0,0,0,0,0,0,0,0
2013,6,56.3,8,0,0,0,0,0,0,0,0,2,0,0,0,1
2013,7,1.9,1,0,0,0,0,0,0,0,0,9,0,0,0,1
2013,9,10.4,1,0,0,0,0,0,0,0,0,5,0,0,0,1
2013,9,10.4,2,0,0,0,0,0,0,0,0,4,0,0,0,1
2013,9,10.4,3,0,0,0,0,0,0,0,0,3,0,0,0,1
2013,16,0.3,1,0,0,0,0,0,0,0,0,2,0,0,0,1
2013,28,4.7,1,0,0,0,0,0,0,0,0,7,0,0,0,1
2013,28,4.7,2,0,0,0,0,0,0,0,0,3,0,2,0,2
2013,33,1.7,1,0,0,0,0,0,0,0,0,4,0,0,0,1
2013,39,1,1,0,0,0,0,0,0,0,0,12,0,0,0,1
2013,40,0.8,1,0,0,0,0,0,0,0,0,16,0,0,0,1
2013,41,1.1,1,0,0,0,0,0,0,0,0,5,0,0,0,1
2013,X1,23.5,1,0,0,0,0,0,0,0,0,5,0,0,0,1
2013,X1,23.5,2,0,0,0,0,0,0,0,0,1,0,0,0,1
2013,X1,23.5,3,0,0,0,0,0,0,0,0,2,0,0,0,1
2013,X1,23.5,4,0,0,0,0,0,0,0,0,4,0,0,0,1
2013,X1,23.5,5,0,0,0,0,0,0,0,0,6,0,0,0,1
2013,X2,10.1,1,0,0,0,0,0,0,0,0,4,0,1,0,2
2013,X2,10.1,2,0,0,0,0,0,0,0,0,7,0,1,0,2
2013,X3,24.4,1,0,0,1,0,0,0,0,0,10,0,0,0,2
2013,X3,24.4,3,0,0,0,0,0,0,0,0,5,0,0,0,1
2013,X3,24.4,4,0,0,0,0,0,0,0,0,5,0,0,0,1
2013,X3,24.4,5,0,0,0,0,0,0,0,0,8,0,0,0,1
2013,X4,21.2,1,0,0,0,0,0,0,0,0,16,0,0,0,1
2013,X4,21.2,2,0,0,0,0,0,0,0,0,12,0,0,0,1
2013,X4,21.2,3,0,0,0,0,0,0,0,0,10,0,0,0,1
2013,X4,21.2,4,0,0,0,0,0,0,0,0,16,0,0,0,1
2013,X4,21.2,5,0,0,0,0,0,0,0,0,11,0,0,0,1
