site,Amazilia_versicolor,Ammodramus_aurifrons,Ammodramus_humeralis,Arremon_taciturnus,Attila_spadiceus,Automolus_infuscatus,Automolus_ochrolaemus,Bucco_capensis,Bucco_tamatia,Cacicus_cela,Campephilus_rubricollis,Campylopterus_largipennis,Catharus_fuscescens,Celeus_elegans,Ceratopipra_erythrocephala,Cercomacroides_tyrannina,Certhiasomus_stictolaemus,Chloroceryle_aenea,Chloroceryle_americana,Coccycua_minuta,Coereba_flaveola,Conopophaga_aurita,Corythopis_torquatus,Cyanerpes_caeruleus,Cyanoloxia_rothschildii,Cymbilaimus_lineatus,Cyphorhinus_arada,Dendrocincla_fuliginosa,Dendrocolaptes_certhia,Dixiphia_pipra,Dryocopus_lineatus,Epinecrophylla_gutturalis,Florisuga_mellivora,Formicarius_analis,Formicarius_colma,Galbula_albirostris,Geotrygon_montana,Glaucidium_hardyi,Glaucis_hirsutus,Glyphorynchus_spirurus,Gymnopithys_rufigula,Heliothryx_auritus,Hemitriccus_zosterops,Henicorhina_leucosticta,Hylexetastes_perrotii,Hylophylax_naevius,Hypocnemis_cantator,Isleria_guttata,Jacamerops_aureus,Lanio_fulvus,Lanio_surinamus,Lepidothrix_serena,Leptotila_rufaxilla,Leucopternis_melanops,Lipaugus_vociferans,Lophotriccus_galeatus,Lophotriccus_vitiosus,Malacoptila_fusca,Manacus_manacus,Micrastur_gilvicollis,Micrastur_ruficollis,Mionectes_macconnelli,Mionectes_oleagineus,Momotus_momota,Monasa_atra,Myiarchus_ferox,Myiarchus_tuberculifer,Myiobius_barbatus,Myrmoderus_ferrugineus,Myrmornis_torquata,Myrmothera_campanisona,Myrmotherula_axillaris,Myrmotherula_longipennis,Myrmotherula_menetriesii,Nasica_longirostris,Neopelma_chrysocephalum,Onychorhynchus_coronatus,Paroaria_gularis,Percnostola_rufifrons,Phaethornis_bourcieri,Phaethornis_ruber,Phaethornis_superciliosus,Pheugopedius_coraya,Philydor_erythrocercum,Philydor_pyrrhodes,Pitangus_sulphuratus,Pithys_albifrons,Platyrinchus_coronatus,Platyrinchus_platyrhynchos,Platyrinchus_saturatus,Pteroglossus_viridis,Pyrrhura_picta,Ramphastos_vitellinus,Ramphocaenus_melanurus,Ramphocelus_carbo,Ramphotrigon_ruficauda,Rhynchocyclus_olivaceus,Rhytipterna_simplex,Saltator_grossus,Saltator_maximus,Schiffornis_turdina,Sclerurus_caudacutus,Sclerurus_macconnelli,Sclerurus_rufigularis,Sittasomus_griseicapillus,Sporophila_angolensis,Sporophila_castaneiventris,Synallaxis_rutilans,Tangara_palmarum,Terenotriccus_erythrurus,Thalurania_furcata,Thamnomanes_ardesiacus,Thamnomanes_caesius,Thamnophilus_melanothorax,Thamnophilus_murinus,Thamnophilus_punctatus,Tolmomyias_assimilis,Tolmomyias_poliocephalus,Troglodytes_musculus,Trogon_rufus,Trogon_viridis,Tunchiornis_ochraceiceps,Turdus_albicollis,Tyranneutes_virescens,Veniliornis_cassini,Willisornis_poecilinotus,Xenops_minutus,Xiphorhynchus_obsoletus,Xiphorhynchus_pardalotus,Zebrilus_undulatus,richness,abundance,area,isolation,edge,categoria
Abusado,1,0,0,0,0,0,0,0,0,0,0,0,0,1,0,0,0,0,0,0,0,0,0,0,0,0,0,0,0,0,0,0,0,0,0,0,0,0,0,0,0,0,0,0,0,0,0,0,0,0,0,0,0,0,0,0,0,0,0,0,0,0,0,0,2,0,0,0,0,0,0,23,0,0,0,0,0,0,0,0,0,0,0,0,0,0,0,0,0,0,0,0,0,0,0,0,0,0,0,0,0,0,0,0,0,0,0,0,0,0,0,0,0,0,0,0,0,0,2,0,0,0,0,0,0,0,0,0,0,0,5,29,13.3,4773,96,edge
Adeus,0,0,0,0,0,0,0,0,0,0,0,0,0,0,0,1,0,0,0,0,0,0,0,0,0,0,0,2,2,0,0,0,0,0,0,0,0,0,0,0,0,0,0,0,0,0,0,1,0,0,0,0,1,0,0,1,0,0,0,0,0,0,0,0,2,0,0,0,0,0,0,6,0,0,0,0,0,0,2,0,4,0,0,0,0,0,0,0,0,0,0,0,0,0,0,0,0,0,0,0,0,0,0,0,0,0,0,0,0,0,0,0,0,0,0,2,0,0,0,0,0,0,0,0,0,0,0,0,2,0,12,26,49.4,85,54,edge
Andre,0,0,0,0,0,0,0,0,0,0,0,0,0,1,0,0,0,0,0,0,0,0,0,0,0,0,0,0,0,0,0,0,0,0,0,0,0,0,0,0,0,0,0,0,0,0,0,0,0,0,0,0,1,0,0,0,0,0,0,0,0,0,0,0,0,0,0,0,0,0,0,6,0,0,0,0,0,0,0,0,0,0,0,0,0,0,0,0,0,0,0,0,0,0,0,0,0,0,0,0,0,0,0,0,0,0,0,0,0,0,0,0,0,0,0,0,0,0,0,0,0,0,0,0,0,0,0,0,0,0,3,8,2.08,8984,37,edge
Arrepiado,0,0,0,0,0,0,0,0,0,0,0,0,0,0,1,0,0,0,0,0,0,0,0,0,0,0,0,0,3,1,0,0,0,0,0,0,0,0,0,0,0,0,0,0,0,0,0,0,0,0,3,0,1,0,0,0,0,0,0,0,0,0,0,0,0,0,0,0,0,0,0,0,0,0,0,0,0,0,0,0,0,0,0,0,0,0,0,0,0,0,0,0,0,0,0,0,0,0,0,0,0,0,0,0,0,0,0,0,0,0,0,0,0,0,0,0,0,0,0,0,0,0,0,0,0,0,0,0,1,0,6,10,7.42,12638,64,edge
Bacaba,0,0,0,0,0,0,0,0,0,0,0,0,0,1,0,0,0,0,0,0,0,0,0,0,0,0,0,1,0,4,1,0,0,0,0,0,0,0,0,0,0,1,0,0,0,0,0,0,0,0,1,0,1,0,0,0,0,0,0,0,0,0,0,0,0,0,0,0,0,0,0,4,0,0,0,0,0,0,0,0,1,0,0,0,0,0,0,0,0,0,0,0,0,0,0,0,0,0,0,0,0,0,0,0,0,0,0,0,0,0,4,0,0,0,0,0,0,0,0,0,0,0,0,0,0,0,0,0,3,0,11,22,52.38,3749,122,interior
Beco_do_Catitu,0,0,0,0,1,0,0,0,0,0,0,0,0,0,0,0,0,0,0,0,0,0,0,0,0,0,0,2,5,8,0,0,1,0,0,3,0,0,0,8,0,0,0,0,0,0,3,3,0,0,0,0,1,0,0,0,0,0,0,0,0,3,1,1,1,0,0,0,0,0,0,8,0,0,0,0,0,0,5,0,1,2,0,0,0,0,0,0,0,0,0,0,0,0,0,0,0,0,0,0,1,0,0,1,0,1,0,0,0,0,2,0,0,0,1,0,0,0,0,1,0,0,2,0,0,3,0,0,5,0,27,74,631.85,4090,166,interior
Cafundo,0,0,0,0,0,0,0,0,0,0,0,0,0,1,0,0,0,0,0,0,0,0,0,0,0,0,0,0,0,1,0,0,0,0,0,0,0,0,0,0,0,0,0,0,0,0,0,0,0,0,3,0,0,0,0,0,0,0,0,0,0,0,0,0,2,0,0,0,0,0,0,0,0,0,0,0,0,0,0,0,0,0,0,0,0,0,0,0,0,0,0,0,0,0,0,0,0,0,0,0,0,0,0,0,0,0,0,0,0,0,1,0,0,0,0,0,0,0,1,0,0,0,1,0,0,0,0,0,0,0,7,10,2.62,1933,42,edge
CF_Grid-NS2,0,0,0,0,1,1,0,0,0,0,1,0,0,0,0,0,1,0,0,0,0,0,1,0,2,0,0,1,2,10,0,5,0,1,1,10,0,0,0,8,4,0,1,1,0,3,5,4,0,1,0,1,0,0,0,0,0,1,1,1,0,4,2,0,0,0,0,6,1,1,1,7,0,1,0,0,0,0,6,1,1,5,0,0,3,0,14,0,0,3,0,0,0,0,0,0,1,0,1,0,0,0,3,0,0,0,0,0,0,1,5,3,5,1,4,1,0,0,0,0,0,1,5,0,0,0,1,0,2,0,54,158,16789.6,0,2182,interior
CF_Grid-NS3,0,0,0,1,1,5,0,0,0,0,1,0,0,0,1,0,0,1,0,0,0,0,3,0,1,0,0,5,4,4,0,2,0,0,0,0,0,0,0,11,4,0,0,1,0,1,4,2,0,0,0,0,1,0,0,0,0,1,1,0,0,7,0,1,0,0,1,1,0,1,0,3,7,2,0,0,0,0,2,5,0,7,1,0,3,0,6,9,1,0,0,0,0,0,0,0,0,0,0,0,0,1,2,1,0,0,0,0,0,1,1,8,11,0,2,0,1,0,0,2,0,4,7,0,0,3,4,0,5,0,52,165,16789.6,0,3140,interior
CF_Loreno,0,0,0,0,1,0,0,0,0,0,0,0,0,0,0,0,2,0,0,0,0,4,2,0,0,1,2,0,1,5,0,2,0,1,0,3,0,0,0,7,1,0,0,0,0,0,4,4,1,0,3,0,0,0,0,0,0,2,0,0,0,1,0,0,0,0,0,3,0,0,0,5,0,1,0,0,0,0,3,2,1,2,1,0,0,0,4,1,0,1,0,0,0,0,0,0,0,0,0,0,0,0,0,1,0,0,0,0,0,0,4,3,4,0,3,0,0,0,0,0,0,1,6,0,0,5,1,0,6,0,40,105,16789.6,0,543,interior
CF_Tucumari,0,0,0,1,0,2,1,1,0,0,0,0,0,1,0,0,5,0,0,0,0,0,0,0,0,0,1,6,0,7,0,1,0,0,0,1,1,0,0,11,4,0,0,0,1,0,1,8,0,0,4,0,0,0,0,0,0,0,0,2,0,0,3,3,0,0,0,1,0,0,0,1,0,0,0,0,0,0,4,5,1,2,0,0,3,0,5,3,0,0,0,0,0,1,0,0,0,0,0,0,0,0,0,1,0,0,0,0,0,0,1,3,0,0,0,0,0,0,1,0,0,3,0,0,2,4,2,0,3,0,40,111,16789.6,0,759,interior
CF_WABA,0,0,0,0,1,0,1,0,0,0,0,1,0,1,0,0,1,0,0,0,0,0,0,0,2,0,0,1,1,6,0,0,0,0,1,2,0,0,0,14,0,0,0,0,0,0,0,4,0,0,0,5,0,0,0,0,0,0,0,0,0,3,2,0,3,0,0,0,0,0,0,1,0,0,0,0,1,0,0,1,0,3,0,0,0,0,2,4,0,0,0,0,0,0,0,0,1,0,0,0,2,0,0,0,0,0,0,0,0,0,4,0,0,0,0,0,0,0,0,0,0,0,5,0,0,0,0,0,2,0,28,75,16789.6,0,609,interior
Cipoal,0,0,0,0,1,0,0,0,0,0,0,1,1,1,3,0,0,0,0,0,0,0,0,2,0,0,0,0,0,11,0,0,0,0,1,0,0,0,0,11,0,0,0,0,0,0,0,0,0,0,6,0,1,0,0,0,0,0,0,0,0,0,0,2,2,0,0,0,0,0,0,3,0,0,0,0,0,0,3,1,1,1,0,0,0,0,0,0,0,0,0,0,1,0,0,0,0,1,0,0,0,0,0,0,0,0,0,0,0,0,6,0,0,0,0,0,0,0,0,0,0,0,8,0,0,0,0,0,3,0,23,71,217.4,3756,146,interior
Coata,0,0,0,0,0,0,0,0,1,0,0,0,0,0,0,0,0,0,0,0,0,0,0,0,0,0,0,0,1,3,0,0,0,0,0,0,0,1,0,3,0,1,0,0,0,0,4,2,0,0,5,0,3,1,0,0,0,0,0,0,0,1,0,0,0,0,0,0,0,0,0,2,0,0,0,0,0,0,0,0,0,0,0,0,0,0,0,0,0,0,0,0,0,0,0,0,0,0,0,0,0,0,0,0,0,0,0,0,0,0,1,0,0,0,1,0,0,0,0,0,0,0,0,0,0,2,0,0,1,0,17,33,16.19,6568,92,edge
Formiga,0,2,0,0,0,0,0,0,0,0,0,0,0,0,0,0,0,0,0,0,1,0,0,0,0,0,0,0,0,0,0,0,0,0,0,0,0,0,0,0,0,0,0,0,0,0,0,0,0,0,0,0,0,0,0,0,0,0,0,0,0,0,0,0,0,0,0,0,0,0,0,0,0,0,0,0,0,0,0,0,0,0,0,0,0,0,0,0,0,0,0,0,0,0,24,0,0,0,0,0,0,0,0,0,0,1,0,0,1,0,0,0,0,0,0,0,0,0,30,0,0,0,0,0,0,0,0,0,0,0,6,59,1.54,4843,31,edge
Furo_de_Santa_Luzia,0,0,0,0,3,0,1,0,0,0,0,0,0,0,1,0,0,0,0,0,0,0,0,0,0,0,0,3,3,4,0,1,0,1,1,1,0,0,0,10,0,0,0,0,0,0,10,3,0,0,1,0,0,0,0,0,0,0,0,0,0,0,1,1,0,0,0,0,1,0,0,6,0,0,0,0,0,0,3,0,0,2,0,0,0,0,0,0,0,0,0,0,0,0,0,1,0,1,0,0,0,0,0,0,0,0,0,0,0,0,2,1,2,0,1,0,0,0,0,0,0,0,2,0,0,7,1,0,4,0,30,79,198.31,951,148,interior
Fuzaca,0,0,0,0,0,1,0,0,0,0,0,0,1,1,3,2,2,0,0,0,1,2,0,0,0,0,0,1,0,11,0,0,0,0,1,3,1,0,1,8,0,0,0,3,0,0,12,6,0,0,0,4,1,0,0,0,0,0,0,1,0,1,1,0,0,0,0,4,2,0,0,6,0,0,0,0,0,0,9,7,0,1,2,2,2,0,2,2,0,0,0,0,0,0,0,0,0,0,0,0,1,0,0,0,0,1,0,3,0,3,1,0,0,0,0,0,0,0,1,0,0,0,0,0,0,1,0,2,1,0,43,121,934.29,30,418,interior
Garrafa,1,0,0,0,0,0,0,0,0,1,0,0,0,0,0,0,0,0,0,0,0,0,0,0,0,0,0,0,0,0,0,0,0,0,0,0,0,1,0,0,0,0,0,0,0,0,0,0,0,0,1,0,2,0,0,0,0,0,0,0,0,0,0,0,0,0,0,0,0,0,0,1,0,0,0,0,0,0,1,0,0,0,0,0,0,0,0,0,0,0,0,0,0,0,0,0,0,0,0,0,0,0,0,0,0,0,0,0,0,0,2,0,0,0,0,0,0,0,0,0,0,0,0,0,0,0,0,0,5,0,9,15,9.41,10589,60,edge
Gaviao-real,0,0,0,0,0,0,0,0,0,0,0,0,0,0,0,0,0,0,0,0,0,0,0,0,1,0,0,5,1,7,0,0,1,0,0,2,0,0,0,7,0,0,0,0,1,0,1,1,0,0,1,0,0,0,1,0,0,0,0,0,0,0,3,1,0,0,0,0,1,0,0,1,0,0,0,0,0,0,4,0,0,1,0,0,0,0,0,3,0,0,0,0,0,0,0,0,0,0,0,0,3,0,0,0,1,0,0,0,0,0,2,1,0,0,2,0,0,0,0,0,0,0,8,0,0,5,0,0,3,0,27,68,1678.96,3700,223,interior
Jabuti,0,0,0,0,1,0,0,0,0,0,0,1,0,1,1,0,0,0,0,0,0,0,0,0,0,0,0,1,3,10,0,0,0,0,0,0,0,0,0,7,0,0,0,0,0,0,1,4,0,0,1,0,2,0,0,0,0,0,0,0,0,0,2,1,1,0,0,0,0,0,0,8,0,0,0,0,0,0,2,0,1,0,0,0,0,0,0,0,0,0,0,0,0,0,0,0,0,0,0,0,0,0,0,0,0,1,0,0,0,0,1,0,0,0,0,0,0,0,0,0,0,0,3,0,0,0,0,0,5,0,22,58,232.24,11464,157,interior
Jiquitaia,2,0,0,0,0,0,0,0,0,0,0,0,0,0,2,0,0,2,0,0,0,0,0,0,0,0,0,0,0,8,0,0,0,0,0,0,1,0,0,0,0,0,0,0,0,0,0,0,0,0,0,0,0,0,0,0,0,0,0,0,0,3,0,0,0,0,0,0,0,0,0,0,0,0,0,1,0,0,0,0,0,0,0,0,0,0,0,0,0,0,0,0,0,0,1,0,0,0,0,0,0,0,0,0,0,0,0,0,0,0,0,0,0,0,0,0,0,0,9,0,0,0,0,0,0,0,0,1,0,0,10,30,6.79,752,63,edge
Joaninha,0,5,1,0,0,0,0,0,0,0,0,0,0,0,0,0,0,0,0,0,0,0,0,0,0,0,0,0,0,0,0,0,0,0,0,0,0,0,0,0,0,0,0,0,0,0,0,0,0,0,0,0,2,0,0,0,0,0,0,0,0,0,0,0,0,2,0,0,0,0,0,0,0,0,0,0,0,2,0,0,0,0,0,0,0,1,0,0,0,0,0,0,0,0,6,0,0,0,0,0,0,0,0,0,0,0,4,0,4,0,0,0,0,0,0,0,0,0,27,0,0,0,0,0,0,0,0,0,0,0,10,54,0.63,6105,15,edge
Martelo,0,0,0,0,2,0,0,0,0,0,0,0,0,0,0,0,0,0,0,0,0,0,0,0,0,0,0,0,1,10,0,0,0,0,0,0,0,0,0,3,0,1,0,0,0,0,5,0,0,0,0,2,2,0,1,0,0,0,0,0,0,0,0,1,0,0,0,0,0,0,0,3,0,0,0,0,0,0,2,0,0,0,0,0,0,0,0,0,0,0,0,0,0,0,0,0,0,0,0,0,0,0,0,0,0,0,0,0,0,0,1,0,0,0,0,0,0,0,0,0,0,0,1,0,0,0,0,0,4,0,15,39,460.04,10653,77,edge
Mascote,0,0,0,0,1,0,0,0,0,0,0,0,0,0,0,0,2,0,0,0,0,0,0,0,0,0,0,1,1,6,0,0,1,1,0,4,0,0,0,6,0,0,0,0,0,0,1,2,0,0,4,0,1,0,0,0,0,0,0,0,0,0,3,0,0,0,0,0,1,0,0,9,0,0,0,0,2,0,1,1,1,7,0,1,1,0,0,0,0,0,0,0,0,0,0,0,0,0,0,0,2,0,0,1,0,2,0,0,0,0,2,0,0,0,0,0,0,0,0,0,0,0,2,0,0,3,0,0,7,0,30,77,663.06,4160,384,interior
Moita,0,0,0,0,0,0,0,0,0,0,0,0,0,0,0,0,0,0,0,0,0,0,0,0,0,0,0,4,2,2,0,0,0,0,0,0,0,0,2,2,0,0,0,0,0,0,0,0,0,0,3,0,1,0,0,0,0,0,0,0,0,0,0,1,0,0,0,0,0,0,0,0,0,0,0,0,0,0,0,0,3,1,0,0,0,0,0,0,0,0,0,0,0,0,0,0,0,0,0,0,0,0,0,0,0,0,0,0,0,0,2,0,0,0,0,0,0,0,0,0,0,0,2,0,0,0,0,0,2,0,13,27,91.19,5272,115,interior
Neto,0,0,0,0,0,0,0,0,0,0,0,0,0,0,2,0,0,0,0,0,0,0,0,0,0,0,0,7,0,12,0,0,0,0,0,0,0,0,2,0,0,0,0,0,0,0,0,6,0,0,0,0,0,1,0,0,0,0,0,0,0,0,0,0,0,0,0,0,0,0,0,16,0,1,0,0,0,0,0,0,2,0,0,0,0,0,0,0,0,0,0,0,0,0,0,0,0,0,0,0,0,0,0,0,0,0,0,0,0,0,4,0,2,0,0,0,0,1,0,0,0,0,0,0,0,0,0,0,0,0,12,56,32.84,575,94,edge
Palhal,0,0,0,0,1,0,0,0,0,0,0,0,0,0,0,0,0,0,0,0,0,0,0,0,0,0,0,2,2,9,0,0,0,0,0,0,0,0,0,0,0,1,0,0,0,0,0,0,0,0,0,0,0,0,1,0,0,0,0,0,0,1,0,0,0,0,0,0,0,0,0,23,0,0,1,0,0,0,0,0,2,0,0,0,0,0,0,0,0,0,0,0,0,0,0,0,0,0,0,0,0,0,0,0,1,0,0,0,0,0,0,0,0,0,0,0,0,0,0,0,0,0,0,0,0,0,0,0,0,0,11,44,21.35,4950,80,edge
Panema,0,0,0,0,0,0,0,0,0,0,0,0,0,0,0,0,0,0,0,0,0,0,0,0,0,0,0,0,0,0,0,0,0,0,0,0,0,1,0,0,0,0,0,0,0,0,0,0,0,0,0,0,1,0,0,0,0,0,0,0,0,0,0,2,0,0,0,0,0,0,0,0,0,0,0,0,0,0,0,0,0,0,0,0,0,0,0,0,0,0,0,0,0,0,0,0,0,0,0,0,0,0,0,0,0,0,0,0,0,0,0,0,0,0,0,0,0,0,0,0,1,0,0,0,0,0,0,0,0,0,4,5,3.08,2871,45,edge
Pe_Torto,1,0,0,0,0,0,0,0,0,0,0,0,0,0,0,0,0,0,0,0,0,0,0,0,0,0,0,0,1,1,0,0,0,0,0,0,2,0,2,0,0,0,0,0,0,1,0,0,0,0,0,0,0,0,0,0,0,0,0,0,0,0,0,0,0,0,0,0,0,0,0,14,0,0,0,0,0,0,0,0,0,1,0,0,0,0,0,0,0,0,1,0,0,0,9,0,0,0,0,0,0,0,0,0,0,1,0,0,0,0,1,0,0,0,0,0,0,1,2,0,0,0,0,0,0,0,0,0,0,0,14,38,4.98,213,62,edge
Piquia,0,0,0,0,0,0,0,0,0,0,0,0,0,1,0,0,0,0,0,0,0,0,0,0,0,0,0,1,1,4,0,0,0,0,0,0,0,0,1,0,0,0,0,0,0,0,3,0,0,0,2,0,1,0,1,1,0,0,0,0,0,0,0,1,0,0,0,0,1,0,0,1,0,0,0,0,0,0,1,0,2,0,0,0,0,0,0,0,0,0,0,0,0,0,0,0,0,0,3,0,0,0,0,0,0,0,0,0,0,1,2,0,0,0,0,0,0,0,0,0,0,0,1,0,0,0,0,0,1,0,20,30,13.03,7433,97,edge
Pontal,0,0,0,0,0,0,0,0,0,0,0,0,0,3,0,0,0,0,0,0,0,0,0,0,0,0,0,0,2,8,0,0,0,0,0,4,0,0,0,3,0,0,0,0,0,0,5,2,0,0,1,0,0,0,0,0,1,0,0,0,1,0,0,0,0,0,0,0,0,0,0,7,0,0,0,0,0,0,2,0,0,0,0,0,0,0,0,0,0,1,0,0,0,0,0,0,0,0,0,0,0,0,0,1,0,0,0,0,0,0,2,0,0,0,1,0,0,0,0,1,0,0,0,0,0,2,1,0,1,0,20,49,106.48,30,68,edge
Porto_Seguro,0,0,0,0,0,0,0,0,0,0,0,0,0,1,0,0,4,0,0,0,0,0,0,0,0,0,0,2,1,3,0,0,0,0,0,2,0,0,0,5,0,0,0,5,0,0,7,8,0,0,0,0,1,0,0,0,0,0,0,0,0,3,3,0,0,0,0,1,0,0,0,1,0,0,0,0,0,0,8,0,0,2,0,1,0,0,0,0,0,0,0,0,0,0,0,0,1,0,0,0,2,0,0,0,0,0,0,0,0,0,0,5,1,0,2,0,0,0,0,0,0,0,2,0,0,4,0,0,10,0,26,85,1323.13,43,376,interior
Relogio,0,0,0,0,1,0,0,0,0,0,0,0,0,0,1,0,0,0,0,0,0,0,0,0,0,0,0,5,3,10,0,0,0,0,0,0,1,0,2,1,0,0,0,0,0,0,4,0,0,0,4,0,1,0,0,0,0,0,0,0,0,0,1,0,0,0,0,0,0,0,0,23,0,0,0,0,0,0,2,0,0,0,0,0,0,0,0,0,0,0,0,0,0,0,0,1,0,0,0,0,0,0,0,0,0,0,0,0,0,0,0,0,0,0,0,0,0,0,2,0,0,0,1,0,0,0,0,0,7,0,18,70,70.48,8178,156,interior
Sapupara,0,0,0,0,0,0,0,0,0,0,0,0,0,1,0,0,0,0,0,0,0,0,0,0,0,0,0,3,1,10,0,0,0,0,0,0,0,0,0,1,0,0,0,0,0,0,0,4,0,0,1,0,0,0,0,0,0,0,0,0,0,0,0,1,0,0,0,0,0,0,0,0,0,0,0,0,0,0,0,0,0,0,0,0,0,0,0,0,0,0,0,0,0,0,0,0,0,0,0,0,0,0,0,0,0,0,0,0,0,0,0,0,0,0,0,0,0,0,0,0,0,0,3,2,0,0,0,2,3,0,12,32,77.71,4253,114,interior
Torem,0,0,0,0,0,0,0,0,0,0,0,0,0,0,1,0,0,0,0,0,0,0,0,0,0,0,0,0,0,0,0,0,0,0,0,0,0,0,0,0,0,0,0,0,0,0,0,0,0,0,0,0,0,0,0,0,0,0,0,0,0,0,0,0,0,1,0,0,0,0,0,0,0,0,0,0,0,0,0,0,0,0,0,0,0,0,0,0,0,0,0,0,0,0,2,0,0,0,0,0,0,0,0,0,0,2,0,0,3,0,0,0,0,0,0,0,0,0,11,0,0,0,0,0,0,0,0,0,0,0,6,20,3.62,1991,39,edge
Tristeza,0,0,0,0,1,0,0,0,0,0,0,0,0,0,0,7,0,1,0,1,0,0,0,0,1,0,0,4,4,8,0,0,0,0,0,0,0,0,0,4,0,0,0,0,0,0,6,0,0,0,0,0,1,0,0,1,0,0,1,0,0,0,0,0,1,0,0,1,0,0,0,11,0,0,0,0,4,0,5,0,5,0,0,0,0,0,0,0,0,0,0,0,1,0,3,0,0,1,0,2,0,0,0,0,0,3,0,0,0,3,3,0,0,0,0,0,0,0,0,0,0,0,1,0,0,0,2,2,1,1,31,90,497.86,692,114,interior
Tucumari,0,0,0,0,0,0,0,0,0,0,1,0,0,0,0,0,0,0,0,0,1,0,0,0,0,0,0,1,2,8,0,0,0,0,1,0,0,0,0,5,0,0,0,0,0,0,10,2,0,0,1,0,0,0,0,0,0,0,0,0,0,0,1,0,0,0,1,2,0,0,0,4,0,0,0,0,0,0,4,0,1,3,0,0,0,0,0,0,0,0,0,3,0,0,0,0,0,0,0,0,0,0,0,0,0,0,0,0,0,0,0,0,0,0,1,0,0,0,0,0,0,0,2,0,0,3,1,1,4,0,24,63,329.68,67,161,interior
Xibe,0,0,0,0,0,0,0,0,0,0,0,0,0,0,0,0,0,0,1,0,0,0,0,0,0,0,0,0,0,2,0,0,0,0,0,0,0,0,1,0,0,0,0,0,0,0,0,0,0,0,0,0,0,0,0,0,0,0,0,0,0,0,0,0,0,0,0,0,1,0,0,0,0,0,0,0,0,0,0,0,0,0,0,0,0,0,0,0,0,0,0,0,0,0,1,0,0,0,0,0,0,0,0,0,0,0,0,0,0,0,0,0,0,0,0,0,0,0,3,0,0,0,0,0,0,0,0,0,0,0,6,9,0.9,862,19,edge
Abundance_edge,5,7,1,0,3,0,0,0,1,1,0,0,0,7,6,1,0,2,1,0,1,0,0,0,0,0,0,12,13,59,0,0,0,0,0,4,3,3,6,9,0,3,0,0,0,1,17,11,0,0,15,2,14,2,3,2,1,0,0,0,1,5,0,4,6,3,0,0,2,0,0,102,0,1,1,1,0,2,8,0,10,1,0,0,0,1,0,0,0,1,1,0,0,0,43,0,0,0,3,0,0,0,0,1,1,4,4,0,8,1,14,0,2,0,2,2,0,2,85,1,1,0,3,0,0,4,1,1,15,0,,,,,,
Abundance_interior,0,0,0,2,13,9,3,1,0,0,3,3,2,8,10,9,17,2,0,1,2,6,6,2,7,1,3,46,34,134,1,11,3,4,6,31,3,0,5,126,13,1,1,10,2,4,69,55,1,1,30,10,12,0,1,1,0,4,3,4,0,22,23,12,8,0,2,19,6,2,1,101,7,4,0,0,7,0,61,23,17,39,4,4,12,0,33,22,1,4,0,3,2,1,3,2,3,3,1,2,11,1,5,5,1,8,0,3,0,8,40,24,23,1,16,1,1,0,4,3,0,9,59,2,2,38,12,7,76,1,,,,,,
