Ilha_Ano,Local,Ano,Data,t,t_period,Celeus_elegans,Myrmotherula_axillaris,Troglodytes_musculus,Chrysuronia_versicolor,Monasa_atra,Dendrocincla_fuliginosa,Dendrocolaptes_certhia,Isleria_guttata,Lophotriccus_galeatus,Percnostola_rufifrons,Phaethornis_ruber,Thamnophilus_punctatus,Xiphorhynchus_pardalotus,Cercomacroides_tyrannina,Leptotila_rufaxilla,Ceratopipra_erythrocephala,Maschalethraupis_surinamus,Pseudopipra_pipra,Thalurania_furcata,Dryocopus_lineatus,Heliothryx_auritus,Florisuga_mellivora,Galbula_albirostris,Glyphorynchus_spirurus,Hypocnemis_cantator,Mionectes_macconnelli,Momotus_momota,Phaethornis_superciliosus,Schiffornis_turdina,Sclerurus_rufigularis,Sporophila_angolensis,Thamnophilus_murinus,Trogon_rufus,Turdus_albicollis,Willisornis_poecilinotus,Attila_spadiceus,Mionectes_oleagineus,Automolus_infuscatus,Certhiasomus_stictolaemus,Corythopis_torquatus,Cyanoloxia_rothschildii,Epinecrophylla_gutturalis,Formicarius_analis,Formicarius_colma,Hemitriccus_zosterops,Henicorhina_leucosticta,Hylophylax_naevius,Lanio_fulvus,Malacoptila_fusca,Myiobius_barbatus,Myrmoderus_ferrugineus,Myrmotherula_menetriesii,Philydor_pyrrhodes,Pithys_albifrons,Platyrinchus_saturatus,Rhynchocyclus_olivaceus,Sclerurus_macconnelli,Terenotriccus_erythrurus,Thamnomanes_ardesiacus,Thamnomanes_caesius,Thamnophilus_melanothorax,Xenops_minutus,Campephilus_rubricollis,Gymnopithys_rufigula,Lepidothrix_serena,Manacus_manacus,Micrastur_gilvicollis,Myrmornis_torquata,Myrmothera_campanisona,Phaethornis_bourcieri,Saltator_grossus,Tunchiornis_ochraceiceps,Myiarchus_tuberculifer,Platyrinchus_coronatus,Arremon_taciturnus,Chloroceryle_aenea,Myrmotherula_longipennis,Pheugopedius_coraya,Platyrinchus_platyrhynchos,Sclerurus_caudacutus,Tolmomyias_assimilis,Conopophaga_aurita,Cymbilaimus_lineatus,Cyphorhinus_arada,Jacamerops_aureus,Hylexetastes_perrotii,Ramphocaenus_melanurus,Automolus_ochrolaemus,Bucco_capensis,Geotrygon_montana,Veniliornis_cassini,Campylopterus_largipennis,Onychorhynchus_coronatus,Ramphastos_vitellinus,Rhytipterna_simplex,Catharus_fuscescens,Cyanerpes_caeruleus,Glaucidium_hardyi,Leucopternis_melanops,Tamatia_tamatia,Ramphocelus_carbo,Ammodramus_aurifrons,Coereba_flaveola,Thraupis_palmarum,Ramphotrigon_ruficauda,Philydor_erythrocercum,Glaucis_hirsutus,Synallaxis_rutilans,Xiphorhynchus_obsoletus,Cacicus_cela,Lipaugus_vociferans,Sittasomus_griseicapillus,Neopelma_chrysocephalum,Ammodramus_humeralis,Myiarchus_ferox,Paroaria_gularis,Pitangus_sulphuratus,Sporophila_castaneiventris,Tolmomyias_poliocephalus,Nasica_longirostris,Trogon_viridis,Pteroglossus_viridis,Lophotriccus_vitiosus,Micrastur_ruficollis,Tyranneutes_virescens,Saltator_maximus,Zebrilus_undulatus,Coccycua_minuta,Pyrrhura_picta,Chloroceryle_americana
Abusado_2015,Abusado,2015,08/09/2015,27.94,28,1,12,1,0,0,0,0,0,0,0,0,0,0,0,0,0,0,0,0,0,0,0,0,0,0,0,0,0,0,0,0,0,0,0,0,0,0,0,0,0,0,0,0,0,0,0,0,0,0,0,0,0,0,0,0,0,0,0,0,0,0,0,0,0,0,0,0,0,0,0,0,0,0,0,0,0,0,0,0,0,0,0,0,0,0,0,0,0,0,0,0,0,0,0,0,0,0,0,0,0,0,0,0,0,0,0,0,0,0,0,0,0,0,0,0,0,0,0,0,0,0,0,0,0,0,0,0,0,0,0
Abusado_2016,Abusado,2016,04/09/2016,28.93,29,0,15,1,1,2,0,0,0,0,0,0,0,0,0,0,0,0,0,0,0,0,0,0,0,0,0,0,0,0,0,0,0,0,0,0,0,0,0,0,0,0,0,0,0,0,0,0,0,0,0,0,0,0,0,0,0,0,0,0,0,0,0,0,0,0,0,0,0,0,0,0,0,0,0,0,0,0,0,0,0,0,0,0,0,0,0,0,0,0,0,0,0,0,0,0,0,0,0,0,0,0,0,0,0,0,0,0,0,0,0,0,0,0,0,0,0,0,0,0,0,0,0,0,0,0,0,0,0,0,0
Adeus_2015,Adeus,2015,15/11/2015,28.12,28,0,3,0,0,2,1,2,1,1,2,3,1,1,0,0,0,0,0,0,0,0,0,0,0,0,0,0,0,0,0,0,0,0,0,0,0,0,0,0,0,0,0,0,0,0,0,0,0,0,0,0,0,0,0,0,0,0,0,0,0,0,0,0,0,0,0,0,0,0,0,0,0,0,0,0,0,0,0,0,0,0,0,0,0,0,0,0,0,0,0,0,0,0,0,0,0,0,0,0,0,0,0,0,0,0,0,0,0,0,0,0,0,0,0,0,0,0,0,0,0,0,0,0,0,0,0,0,0,0,0
Adeus_2016,Adeus,2016,14/09/2016,28.95,29,0,3,0,0,0,2,0,0,0,0,1,1,1,1,1,0,0,0,0,0,0,0,0,0,0,0,0,0,0,0,0,0,0,0,0,0,0,0,0,0,0,0,0,0,0,0,0,0,0,0,0,0,0,0,0,0,0,0,0,0,0,0,0,0,0,0,0,0,0,0,0,0,0,0,0,0,0,0,0,0,0,0,0,0,0,0,0,0,0,0,0,0,0,0,0,0,0,0,0,0,0,0,0,0,0,0,0,0,0,0,0,0,0,0,0,0,0,0,0,0,0,0,0,0,0,0,0,0,0,0
Andre_2015,Andre,2015,19/07/2015,27.8,28,1,4,0,0,0,0,0,0,0,0,0,0,0,0,1,0,0,0,0,0,0,0,0,0,0,0,0,0,0,0,0,0,0,0,0,0,0,0,0,0,0,0,0,0,0,0,0,0,0,0,0,0,0,0,0,0,0,0,0,0,0,0,0,0,0,0,0,0,0,0,0,0,0,0,0,0,0,0,0,0,0,0,0,0,0,0,0,0,0,0,0,0,0,0,0,0,0,0,0,0,0,0,0,0,0,0,0,0,0,0,0,0,0,0,0,0,0,0,0,0,0,0,0,0,0,0,0,0,0,0
Andre_2016,Andre,2016,27/11/2016,29.16,29,0,3,0,0,0,0,0,0,0,0,0,0,0,0,0,0,0,0,0,0,0,0,0,0,0,0,0,0,0,0,0,0,0,0,0,0,0,0,0,0,0,0,0,0,0,0,0,0,0,0,0,0,0,0,0,0,0,0,0,0,0,0,0,0,0,0,0,0,0,0,0,0,0,0,0,0,0,0,0,0,0,0,0,0,0,0,0,0,0,0,0,0,0,0,0,0,0,0,0,0,0,0,0,0,0,0,0,0,0,0,0,0,0,0,0,0,0,0,0,0,0,0,0,0,0,0,0,0,0,0
Arrepiado_2015,Arrepiado,2015,06/07/2015,27.76,28,0,0,0,0,0,0,3,0,0,0,0,0,1,0,0,1,1,1,0,0,0,0,0,0,0,0,0,0,0,0,0,0,0,0,0,0,0,0,0,0,0,0,0,0,0,0,0,0,0,0,0,0,0,0,0,0,0,0,0,0,0,0,0,0,0,0,0,0,0,0,0,0,0,0,0,0,0,0,0,0,0,0,0,0,0,0,0,0,0,0,0,0,0,0,0,0,0,0,0,0,0,0,0,0,0,0,0,0,0,0,0,0,0,0,0,0,0,0,0,0,0,0,0,0,0,0,0,0,0,0
Arrepiado_2016,Arrepiado,2016,26/11/2016,29.15,29,0,0,0,0,0,0,0,0,0,0,0,0,0,0,1,0,2,0,0,0,0,0,0,0,0,0,0,0,0,0,0,0,0,0,0,0,0,0,0,0,0,0,0,0,0,0,0,0,0,0,0,0,0,0,0,0,0,0,0,0,0,0,0,0,0,0,0,0,0,0,0,0,0,0,0,0,0,0,0,0,0,0,0,0,0,0,0,0,0,0,0,0,0,0,0,0,0,0,0,0,0,0,0,0,0,0,0,0,0,0,0,0,0,0,0,0,0,0,0,0,0,0,0,0,0,0,0,0,0,0
Bacaba_2015,Bacaba,2015,05/07/2015,27.76,28,1,4,0,0,0,0,0,0,0,0,0,0,2,0,0,0,0,3,1,0,0,0,0,0,0,0,0,0,0,0,0,0,0,0,0,0,0,0,0,0,0,0,0,0,0,0,0,0,0,0,0,0,0,0,0,0,0,0,0,0,0,0,0,0,0,0,0,0,0,0,0,0,0,0,0,0,0,0,0,0,0,0,0,0,0,0,0,0,0,0,0,0,0,0,0,0,0,0,0,0,0,0,0,0,0,0,0,0,0,0,0,0,0,0,0,0,0,0,0,0,0,0,0,0,0,0,0,0,0,0
Bacaba_2016,Bacaba,2016,18/11/2016,29.13,29,0,0,0,0,0,1,0,0,0,0,1,0,1,0,1,0,1,1,3,1,1,0,0,0,0,0,0,0,0,0,0,0,0,0,0,0,0,0,0,0,0,0,0,0,0,0,0,0,0,0,0,0,0,0,0,0,0,0,0,0,0,0,0,0,0,0,0,0,0,0,0,0,0,0,0,0,0,0,0,0,0,0,0,0,0,0,0,0,0,0,0,0,0,0,0,0,0,0,0,0,0,0,0,0,0,0,0,0,0,0,0,0,0,0,0,0,0,0,0,0,0,0,0,0,0,0,0,0,0,0
Beco_do_Catitu_2015,Beco_do_Catitu,2015,09/09/2015,27.94,28,0,5,0,0,1,1,4,3,0,4,1,0,5,0,1,0,0,5,1,0,0,1,2,6,3,3,1,1,1,1,1,1,1,2,2,0,0,0,0,0,0,0,0,0,0,0,0,0,0,0,0,0,0,0,0,0,0,0,0,0,0,0,0,0,0,0,0,0,0,0,0,0,0,0,0,0,0,0,0,0,0,0,0,0,0,0,0,0,0,0,0,0,0,0,0,0,0,0,0,0,0,0,0,0,0,0,0,0,0,0,0,0,0,0,0,0,0,0,0,0,0,0,0,0,0,0,0,0,0,0
Beco_do_Catitu_2016,Beco_do_Catitu,2016,23/10/2016,29.06,29,0,4,0,0,0,1,1,0,0,1,0,0,2,0,0,0,0,3,1,0,0,0,1,3,1,0,0,1,0,0,0,0,0,0,3,1,1,0,0,0,0,0,0,0,0,0,0,0,0,0,0,0,0,0,0,0,0,0,0,0,0,0,0,0,0,0,0,0,0,0,0,0,0,0,0,0,0,0,0,0,0,0,0,0,0,0,0,0,0,0,0,0,0,0,0,0,0,0,0,0,0,0,0,0,0,0,0,0,0,0,0,0,0,0,0,0,0,0,0,0,0,0,0,0,0,0,0,0,0,0
CF_Grid_NS2_2015,CF_Grid_NS2,2015,29/08/2015,27.91,28,0,6,0,0,0,0,2,4,0,4,0,0,2,0,0,0,0,3,2,0,0,0,2,6,4,1,0,4,0,0,0,1,0,2,0,1,1,1,1,1,1,5,1,1,1,1,1,1,1,3,1,1,1,5,3,1,2,1,3,3,1,1,0,0,0,0,0,0,0,0,0,0,0,0,0,0,0,0,0,0,0,0,0,0,0,0,0,0,0,0,0,0,0,0,0,0,0,0,0,0,0,0,0,0,0,0,0,0,0,0,0,0,0,0,0,0,0,0,0,0,0,0,0,0,0,0,0,0,0,0
CF_Grid_NS2_2016,CF_Grid_NS2,2016,15/08/2016,28.87,29,0,1,0,0,0,1,0,0,0,2,1,1,1,0,0,0,0,7,3,0,0,0,10,4,1,3,0,1,0,0,0,3,0,3,0,0,1,0,1,0,1,0,0,0,1,0,2,0,0,3,0,0,2,9,0,0,1,0,1,3,0,0,1,4,1,1,1,1,1,1,1,1,0,0,0,0,0,0,0,0,0,0,0,0,0,0,0,0,0,0,0,0,0,0,0,0,0,0,0,0,0,0,0,0,0,0,0,0,0,0,0,0,0,0,0,0,0,0,0,0,0,0,0,0,0,0,0,0,0,0
CF_Grid_NS3_2015,CF_Grid_NS3,2015,30/08/2015,27.91,28,0,1,0,0,0,3,3,1,0,1,0,0,2,0,1,1,0,3,0,0,0,0,0,5,4,3,0,2,0,0,0,2,0,4,2,0,0,3,0,3,1,1,0,0,0,0,1,0,1,1,0,1,2,5,0,0,1,0,4,6,0,4,0,1,0,0,0,0,0,2,0,2,1,8,0,0,0,0,0,0,0,0,0,0,0,0,0,0,0,0,0,0,0,0,0,0,0,0,0,0,0,0,0,0,0,0,0,0,0,0,0,0,0,0,0,0,0,0,0,0,0,0,0,0,0,0,0,0,0,0
CF_Grid_NS3_2016,CF_Grid_NS3,2016,16/08/2016,28.87,29,0,2,0,0,0,2,1,1,0,1,0,0,4,0,0,0,0,1,1,0,0,0,0,6,1,4,1,5,0,1,0,0,2,3,1,1,0,2,0,0,0,2,0,0,0,1,0,0,0,0,0,1,1,2,0,0,1,1,4,6,0,2,1,3,0,1,0,1,0,3,0,2,0,3,1,1,8,1,1,1,1,0,0,0,0,0,0,0,0,0,0,0,0,0,0,0,0,0,0,0,0,0,0,0,0,0,0,0,0,0,0,0,0,0,0,0,0,0,0,0,0,0,0,0,0,0,0,0,0,0
CF_Loreno_2015,CF_Loreno,2015,28/11/2015,28.16,28,0,4,0,0,0,0,1,0,0,3,1,0,5,0,0,0,1,4,4,0,0,0,1,5,4,1,0,2,0,0,0,1,0,6,3,1,0,0,2,2,0,1,0,0,0,0,0,0,1,1,0,1,0,2,0,0,0,0,2,3,0,1,0,0,0,0,0,0,0,2,0,0,0,1,0,0,0,1,0,0,0,0,0,0,0,0,0,0,0,0,0,0,0,0,0,0,0,0,0,0,0,0,0,0,0,0,0,0,0,0,0,0,0,0,0,0,0,0,0,0,0,0,0,0,0,0,0,0,0,0
CF_Loreno_2016,CF_Loreno,2016,08/09/2016,28.94,29,0,1,0,0,0,0,0,4,0,1,0,0,2,0,0,0,2,2,0,0,0,0,2,5,0,0,0,0,0,1,0,2,0,1,2,0,0,0,1,0,0,1,1,0,0,0,0,0,1,2,0,0,0,2,1,0,0,0,1,1,0,0,0,1,0,0,0,0,0,1,0,1,0,1,0,0,0,0,0,0,0,4,1,2,1,0,0,0,0,0,0,0,0,0,0,0,0,0,0,0,0,0,0,0,0,0,0,0,0,0,0,0,0,0,0,0,0,0,0,0,0,0,0,0,0,0,0,0,0,0
CF_Tucumari_2015,CF_Tucumari,2015,05/12/2015,28.18,28,0,1,1,0,0,6,0,6,0,2,0,0,1,0,0,0,0,4,1,0,0,0,1,3,1,0,2,2,0,0,0,0,0,0,3,0,2,2,3,0,0,1,0,0,0,0,0,0,0,1,0,0,0,2,0,0,0,0,2,0,0,1,0,3,0,0,0,0,0,3,0,2,0,3,0,0,0,0,0,0,0,0,0,1,0,1,1,0,0,0,0,0,0,0,0,0,0,0,0,0,0,0,0,0,0,0,0,0,0,0,0,0,0,0,0,0,0,0,0,0,0,0,0,0,0,0,0,0,0,0
CF_Tucumari_2016,CF_Tucumari,2016,10/08/2016,28.86,29,1,0,0,0,0,0,0,3,0,2,1,0,3,0,0,0,4,3,0,0,0,0,0,8,0,0,3,0,0,1,0,0,0,0,2,0,1,1,2,0,0,0,0,0,0,0,0,0,0,0,0,0,3,4,0,0,0,0,1,0,0,1,0,2,0,0,2,0,0,3,0,2,0,0,1,0,0,0,0,0,0,0,0,0,0,0,0,1,1,1,2,0,0,0,0,0,0,0,0,0,0,0,0,0,0,0,0,0,0,0,0,0,0,0,0,0,0,0,0,0,0,0,0,0,0,0,0,0,0,0
CF_Waba_2015,CF_Waba,2015,30/10/2015,28.08,28,0,0,0,0,3,0,0,4,0,0,0,0,1,0,0,0,0,2,4,0,0,0,2,8,0,3,0,3,2,0,0,0,0,3,0,0,2,0,0,0,1,0,0,0,0,0,0,0,0,0,0,0,0,2,0,1,0,0,0,0,0,0,0,0,2,0,0,0,0,1,0,0,0,3,0,0,0,0,0,0,0,0,0,0,0,0,0,0,0,0,0,1,1,0,0,0,0,0,0,0,0,0,0,0,0,0,0,0,0,0,0,0,0,0,0,0,0,0,0,0,0,0,0,0,0,0,0,0,0,0
CF_Waba_2016,CF_Waba,2016,17/07/2016,28.79,29,1,1,0,0,0,1,1,3,0,0,0,0,1,0,0,0,0,4,0,0,0,0,0,7,0,0,0,0,2,0,0,0,0,3,0,1,0,0,1,0,1,0,0,1,0,0,0,0,0,0,0,0,0,0,0,0,0,0,0,0,0,0,0,0,4,0,0,0,0,0,0,0,0,1,0,0,0,0,0,0,0,0,0,0,0,0,0,1,0,0,0,0,0,0,0,0,0,0,0,0,0,0,0,0,0,0,0,0,0,0,0,0,0,0,0,0,0,0,0,0,0,0,0,0,0,0,0,0,0,0
Cafundo_2015,Cafundo,2015,12/10/2015,28.03,28,0,0,0,0,0,0,0,0,0,0,0,0,0,0,0,0,3,0,1,0,0,0,0,0,0,0,0,0,0,0,0,0,0,1,0,0,0,0,0,0,0,0,0,0,0,0,0,0,0,0,0,0,0,0,0,0,0,0,0,0,0,0,0,0,0,0,0,0,0,0,0,0,0,0,0,0,0,0,0,0,0,0,0,0,0,0,0,0,0,0,0,0,0,0,0,0,0,0,0,0,0,0,0,0,0,0,0,0,0,0,0,0,0,0,0,0,0,0,0,0,0,0,0,0,0,0,0,0,0,0
Cafundo_2016,Cafundo,2016,22/07/2016,28.81,29,1,0,1,0,2,0,0,0,0,0,0,0,0,0,0,0,0,1,0,0,0,0,0,0,0,0,0,0,0,0,0,0,0,0,0,0,0,0,0,0,0,0,0,0,0,0,0,0,0,0,0,0,0,0,0,0,0,0,0,0,0,0,0,0,0,0,0,0,0,0,0,0,0,0,0,0,0,0,0,0,0,0,0,0,0,0,0,0,0,0,0,0,0,0,0,0,0,0,0,0,0,0,0,0,0,0,0,0,0,0,0,0,0,0,0,0,0,0,0,0,0,0,0,0,0,0,0,0,0,0
Cipoal_2015,Cipoal,2015,25/11/2015,28.15,28,1,1,0,0,2,0,0,0,0,0,1,0,1,0,1,3,4,10,3,0,0,0,0,9,0,0,1,1,0,0,0,0,0,8,0,0,0,0,0,0,0,0,0,1,0,0,0,0,0,0,0,0,0,0,0,0,0,0,0,0,0,0,0,0,0,0,0,0,0,1,0,0,0,0,0,0,0,0,0,0,0,0,0,0,0,0,0,0,0,0,0,1,0,1,1,0,0,0,0,0,0,0,0,0,0,0,0,0,0,0,0,0,0,0,0,0,0,0,0,0,0,0,0,0,0,0,0,0,0,0
Cipoal_2016,Cipoal,2016,01/11/2016,29.08,29,0,2,0,0,0,0,0,0,0,3,0,0,2,0,0,0,3,2,3,0,0,0,0,4,0,0,1,0,0,0,0,0,0,2,0,1,0,0,0,0,0,0,0,0,0,0,0,0,0,0,0,0,0,0,0,0,0,0,0,0,0,0,0,0,0,0,0,0,0,1,0,0,0,0,0,0,0,0,0,0,0,0,0,0,0,0,0,0,0,0,0,0,0,0,0,1,2,0,0,0,0,0,0,0,0,0,0,0,0,0,0,0,0,0,0,0,0,0,0,0,0,0,0,0,0,0,0,0,0,0
Coata_2015,Coata,2015,12/07/2015,27.78,28,0,1,0,0,0,0,1,0,0,0,0,0,1,0,3,0,1,2,1,0,1,0,0,2,1,1,0,0,0,0,0,1,0,0,2,0,0,0,0,0,0,0,0,0,0,0,0,0,0,0,0,0,0,0,0,0,0,0,0,0,0,0,0,0,0,0,0,0,0,0,0,0,0,0,0,0,0,0,0,0,0,0,0,0,0,0,0,0,0,0,0,0,0,0,0,0,0,1,1,1,0,0,0,0,0,0,0,0,0,0,0,0,0,0,0,0,0,0,0,0,0,0,0,0,0,0,0,0,0,0
Coata_2016,Coata,2016,22/11/2016,29.14,29,0,1,0,0,0,0,0,2,0,0,0,0,0,0,0,0,4,1,0,0,0,0,0,2,3,0,0,0,0,0,0,0,0,0,0,0,0,0,0,0,0,0,0,0,0,0,0,0,0,0,0,0,0,0,0,0,0,0,0,0,0,0,0,0,0,0,0,0,0,0,0,0,0,0,0,0,0,0,0,0,0,0,0,0,0,0,0,0,0,0,0,0,0,0,0,0,0,0,0,0,0,0,0,0,0,0,0,0,0,0,0,0,0,0,0,0,0,0,0,0,0,0,0,0,0,0,0,0,0,0
Formiga_2015,Formiga,2015,12/08/2015,27.86,28,0,0,8,0,0,0,0,0,0,0,0,0,0,0,0,0,0,0,0,0,0,0,0,0,0,0,0,0,0,0,0,0,0,0,0,0,0,0,0,0,0,0,0,0,0,0,0,0,0,0,0,0,0,0,0,0,0,0,0,0,0,0,0,0,0,0,0,0,0,0,0,0,0,0,0,0,0,0,0,0,0,0,0,0,0,0,0,0,0,0,0,0,0,0,0,0,0,0,0,0,5,0,0,0,0,0,0,0,0,0,0,0,0,0,0,0,0,0,0,0,0,0,0,0,0,0,0,0,0,0
Formiga_2016,Formiga,2016,02/10/2016,29,29,0,0,26,0,0,0,0,0,0,0,0,0,0,0,0,0,0,0,0,0,0,0,0,0,0,0,0,0,0,0,1,0,0,0,0,0,0,0,0,0,0,0,0,0,0,0,0,0,0,0,0,0,0,0,0,0,0,0,0,0,0,0,0,0,0,0,0,0,0,0,0,0,0,0,0,0,0,0,0,0,0,0,0,0,0,0,0,0,0,0,0,0,0,0,0,0,0,0,0,0,19,2,1,1,0,0,0,0,0,0,0,0,0,0,0,0,0,0,0,0,0,0,0,0,0,0,0,0,0,0
Furo_de_Santa_Luzia_2015,Furo_de_Santa_Luzia,2015,01/08/2015,27.83,28,0,3,0,0,0,2,1,2,0,2,0,0,2,0,0,0,0,2,2,0,0,0,0,5,4,0,1,1,0,0,0,0,0,1,3,3,0,0,0,0,0,0,0,1,0,0,0,0,0,0,0,0,0,0,0,0,0,0,1,1,0,0,0,0,0,0,0,0,0,0,0,0,0,0,0,0,0,0,0,0,0,0,0,0,0,0,0,0,0,0,0,0,0,0,1,0,0,0,0,0,0,0,0,0,1,0,0,0,0,0,0,0,0,0,0,0,0,0,0,0,0,0,0,0,0,0,0,0,0,0
Furo_de_Santa_Luzia_2016,Furo_de_Santa_Luzia,2016,05/10/2016,29.01,29,0,4,0,0,0,1,2,2,0,1,0,0,2,0,0,1,1,2,0,0,0,0,1,5,7,0,0,1,0,0,0,1,0,2,4,0,1,0,0,0,0,1,1,0,0,0,0,0,0,0,1,0,0,0,0,0,0,0,0,1,0,1,0,0,0,0,0,0,0,0,0,0,0,0,0,0,0,0,0,0,0,0,0,0,0,0,0,1,0,0,0,0,0,0,0,0,0,0,0,0,0,0,0,0,0,0,0,0,0,0,0,0,0,0,0,0,0,0,0,0,0,0,0,0,0,0,0,0,0,0
Fuzaca_2015,Fuzaca,2015,18/10/2015,28.05,28,0,3,0,0,0,1,0,4,0,6,0,0,1,0,0,1,0,2,1,0,0,0,3,6,7,1,0,0,1,0,0,0,0,0,0,0,0,1,1,0,0,0,0,0,0,2,0,0,0,2,0,0,1,2,0,0,0,0,0,0,0,0,0,0,4,0,0,0,0,4,0,0,0,2,0,0,0,0,0,0,0,2,0,0,0,0,0,0,0,1,0,0,0,0,0,1,0,0,0,0,0,0,0,0,0,2,0,0,0,0,0,0,0,0,0,0,0,0,0,0,0,0,0,0,0,0,0,0,0,0
Fuzaca_2016,Fuzaca,2016,13/07/2016,28.78,29,1,3,1,0,0,0,0,2,0,3,0,0,1,2,1,2,0,9,0,0,0,0,0,2,5,0,0,1,0,0,1,0,0,0,1,0,1,0,1,0,0,0,0,1,0,1,0,0,0,3,2,0,1,0,0,0,0,3,0,0,0,0,0,0,1,0,1,0,0,3,0,0,0,0,0,0,0,2,0,0,0,0,0,0,0,0,0,0,0,0,0,0,0,0,0,0,0,0,0,0,0,0,1,0,0,0,1,3,2,0,0,0,0,0,0,0,0,0,0,0,0,0,0,0,0,0,0,0,0,0
Garrafa_2015,Garrafa,2015,05/10/2015,28.01,28,0,0,0,0,0,0,0,0,0,1,0,0,3,0,1,0,0,0,1,0,0,0,0,0,0,0,0,0,0,0,0,0,0,0,0,0,0,0,0,0,0,0,0,0,0,0,0,0,0,0,0,0,0,0,0,0,0,0,0,0,0,0,0,0,0,0,0,0,0,0,0,0,0,0,0,0,0,0,0,0,0,0,0,0,0,0,0,0,0,0,0,0,0,0,0,0,0,1,0,0,0,0,0,0,0,0,0,0,0,1,0,0,0,0,0,0,0,0,0,0,0,0,0,0,0,0,0,0,0,0
Garrafa_2016,Garrafa,2016,27/07/2016,28.82,29,0,1,0,1,0,0,0,0,0,0,0,0,5,0,2,0,1,0,1,0,0,0,0,0,0,0,0,0,0,0,0,0,0,0,0,0,0,0,0,0,0,0,0,0,0,0,0,0,0,0,0,0,0,0,0,0,0,0,0,0,0,0,0,0,0,0,0,0,0,0,0,0,0,0,0,0,0,0,0,0,0,0,0,0,0,0,0,0,0,0,0,0,0,0,0,0,0,0,0,0,0,0,0,0,0,0,0,0,0,0,0,0,0,0,0,0,0,0,0,0,0,0,0,0,0,0,0,0,0,0
Gaviao_real_2015,Gaviao_real,2015,19/11/2015,28.13,28,0,0,0,0,0,1,1,0,0,3,0,0,2,0,0,0,1,4,2,0,0,1,1,5,0,0,1,0,3,0,0,1,0,6,5,0,2,0,0,0,1,0,0,0,0,0,0,0,0,0,0,0,0,0,0,0,0,0,0,0,0,0,0,0,0,0,0,0,0,0,0,0,0,3,0,0,0,0,0,0,0,0,0,0,0,1,0,0,0,0,0,0,0,0,0,0,0,0,0,0,0,0,0,0,0,0,0,0,0,0,1,1,0,0,0,0,0,0,0,0,0,0,0,0,0,0,0,0,0,0
Gaviao_real_2016,Gaviao_real,2016,11/09/2016,28.95,29,0,1,0,0,0,4,0,1,0,1,0,0,1,0,0,0,0,5,0,0,0,0,1,3,1,0,0,1,1,0,0,1,0,4,1,0,1,0,0,0,0,0,0,0,0,0,0,0,0,0,1,0,0,0,0,0,0,0,1,0,0,0,0,0,0,0,0,0,0,0,0,0,0,0,0,0,0,0,0,0,0,0,0,0,0,0,0,0,0,0,0,0,0,0,0,0,0,0,0,0,0,0,0,0,0,0,0,0,0,0,0,0,0,0,0,0,0,0,0,0,0,0,0,0,0,0,0,0,0,0
Jabuti_2015,Jabuti,2015,31/10/2015,28.08,28,1,4,0,0,1,0,2,3,0,2,0,0,4,0,3,0,0,8,1,0,0,0,0,5,0,0,1,0,0,0,0,0,0,2,0,1,2,0,0,0,0,0,0,0,0,0,0,0,0,0,0,0,0,0,0,0,0,0,0,0,0,0,0,0,0,0,0,0,0,0,0,0,0,0,0,0,0,0,0,0,0,0,0,0,0,0,0,0,0,0,0,0,0,0,0,0,0,0,0,0,0,0,0,0,0,0,0,0,0,0,0,0,0,0,0,0,0,0,0,0,0,0,0,0,0,0,0,0,0,0
Jabuti_2016,Jabuti,2016,17/11/2016,29.13,29,0,5,0,0,0,1,1,2,0,0,1,0,3,0,0,1,1,2,0,0,0,0,0,3,1,0,0,0,0,0,1,0,0,1,0,0,0,0,0,0,0,0,0,0,0,0,0,0,0,0,0,0,0,0,0,0,0,0,0,0,0,0,0,0,0,0,0,0,0,0,0,0,0,0,0,0,0,0,0,0,0,0,0,0,0,0,0,0,0,0,0,1,0,0,0,0,0,0,0,0,0,0,0,0,0,0,0,0,0,0,0,0,0,0,0,0,0,0,0,0,0,0,0,0,0,0,0,0,0,0
Jiquitaia_2015,Jiquitaia,2015,11/11/2015,28.11,28,0,0,3,2,0,0,0,0,0,0,0,0,0,0,0,1,0,7,0,0,0,0,0,0,0,1,0,0,0,0,0,0,0,0,0,0,0,0,0,0,0,0,0,0,0,0,0,0,0,0,0,0,0,0,0,0,0,0,0,0,0,0,0,0,0,0,0,0,0,0,0,0,0,0,0,1,0,0,0,0,0,0,0,0,0,0,0,0,0,0,0,0,0,0,0,0,0,0,0,0,0,0,0,0,0,0,0,0,1,0,0,0,0,0,0,0,0,0,0,0,0,0,0,0,0,0,0,0,0,0
Jiquitaia_2016,Jiquitaia,2016,29/08/2016,28.91,29,0,0,6,1,0,0,0,0,0,0,0,0,0,0,0,2,0,2,0,0,0,0,0,0,0,2,0,0,0,0,0,0,0,0,0,0,0,0,0,0,0,0,0,0,0,0,0,0,0,0,0,0,0,0,0,0,0,0,0,0,0,0,0,0,0,0,0,0,0,0,0,0,0,0,0,1,0,0,0,0,0,0,0,0,0,0,0,0,0,1,0,0,0,0,0,0,0,0,0,0,1,0,0,0,0,0,0,0,0,0,0,0,1,0,0,0,0,0,0,0,0,0,0,0,0,0,0,0,0,0
Joaninha_2015,Joaninha,2015,17/10/2015,28.04,28,0,0,8,0,0,0,0,0,0,0,0,0,0,0,0,0,0,0,0,0,0,0,0,0,0,0,0,0,0,0,0,0,0,0,0,0,0,0,0,0,0,0,0,0,0,0,0,0,0,0,0,0,0,0,0,0,0,0,0,0,0,0,0,0,0,0,0,0,0,0,0,0,0,0,0,0,0,0,0,0,0,0,0,0,0,0,0,0,0,0,0,0,0,0,0,0,0,0,0,0,5,0,0,2,0,0,0,0,0,0,0,0,0,1,1,0,0,0,0,0,0,0,0,0,0,0,0,0,0,0
Joaninha_2016,Joaninha,2016,18/07/2016,28.8,29,0,0,21,0,0,0,0,0,0,0,0,0,0,0,2,0,0,0,0,0,0,0,0,0,0,0,0,0,0,0,0,0,0,0,0,0,0,0,0,0,0,0,0,0,0,0,0,0,0,0,0,0,0,0,0,0,0,0,0,0,0,0,0,0,0,0,0,0,0,0,0,0,0,0,0,0,0,0,0,0,0,0,0,0,0,0,0,0,0,0,0,0,0,0,0,0,0,0,0,0,4,5,0,3,0,0,0,0,0,0,0,0,0,0,1,2,1,4,0,0,0,0,0,0,0,0,0,0,0,0
Martelo_2015,Martelo,2015,15/09/2015,27.96,28,0,0,0,0,0,0,0,0,0,0,0,0,3,0,1,0,0,5,0,0,0,0,0,2,0,0,0,0,0,0,0,0,0,1,0,1,0,0,0,0,0,0,0,0,0,0,0,0,0,0,0,0,0,0,0,0,0,0,0,0,0,0,0,0,2,0,0,0,0,0,0,0,0,0,0,0,0,0,0,0,0,0,0,0,0,0,0,0,0,0,0,0,0,0,0,0,0,0,0,0,0,0,0,0,0,0,0,0,0,0,0,0,0,0,0,0,0,0,0,0,0,0,0,0,0,0,0,0,0,0
Martelo_2016,Martelo,2016,22/10/2016,29.06,29,0,3,0,0,0,0,1,0,0,2,0,0,1,0,1,0,0,6,1,0,1,0,0,1,5,0,1,0,0,0,0,0,0,0,0,2,0,0,0,0,0,0,0,0,0,0,0,0,0,0,0,0,0,0,0,0,0,0,0,0,0,0,0,0,0,0,0,0,0,0,0,0,0,0,0,0,0,0,0,0,0,0,0,0,0,0,0,0,0,0,0,0,0,0,0,0,0,0,0,0,0,0,0,0,0,0,0,0,0,0,1,0,0,0,0,0,0,0,0,0,0,0,0,0,0,0,0,0,0,0
Mascote_2015,Mascote,2015,26/10/2015,28.07,28,0,6,0,0,0,1,0,0,0,0,0,0,3,0,0,0,3,1,2,0,0,1,0,2,0,0,0,5,2,0,1,0,0,1,0,0,3,0,0,0,0,0,0,0,0,0,0,0,0,0,0,0,0,0,0,0,0,0,0,0,0,0,0,0,0,0,0,0,0,1,0,0,0,0,0,0,0,0,0,0,0,0,0,0,0,0,0,0,0,0,0,0,1,0,0,0,0,0,0,0,0,0,0,0,0,0,0,0,0,0,0,0,0,0,0,0,0,0,0,0,0,0,0,0,0,0,0,0,0,0
Mascote_2016,Mascote,2016,26/07/2016,28.82,29,0,3,0,0,0,0,1,2,0,1,1,0,5,0,1,0,1,6,0,0,0,0,4,4,1,0,0,2,0,1,1,0,0,1,3,1,0,0,2,0,0,0,1,0,0,0,0,0,0,0,1,0,1,0,0,0,0,0,0,0,0,0,0,0,0,0,0,0,0,0,0,0,0,0,0,0,0,0,0,0,0,0,0,0,0,0,0,0,0,0,0,0,1,0,0,0,0,0,0,0,0,0,0,0,0,1,0,0,0,0,0,0,0,0,0,0,0,0,0,0,0,0,0,0,0,0,0,0,0,0
Moita_2015,Moita,2015,18/07/2015,27.79,28,0,0,0,0,0,2,2,0,0,0,3,0,2,0,0,0,0,1,1,0,0,0,0,2,0,0,0,0,0,0,0,0,0,0,0,0,0,0,0,0,0,0,0,0,0,0,0,0,0,0,0,0,0,0,0,0,0,0,0,0,0,0,0,0,0,0,0,0,0,0,0,0,0,0,0,0,0,0,0,0,0,0,0,0,0,0,0,0,0,0,0,0,0,0,0,0,0,0,0,0,0,0,0,0,0,0,2,0,0,0,0,0,0,0,0,0,0,0,0,0,0,0,0,0,0,0,0,0,0,0
Moita_2016,Moita,2016,30/11/2016,29.16,29,0,0,0,0,0,2,0,0,0,0,0,0,0,0,1,0,3,1,1,0,0,0,0,2,0,0,1,1,0,0,0,0,0,2,0,0,0,0,0,0,0,0,0,0,0,0,0,0,0,0,0,0,0,0,0,0,0,0,0,0,0,0,0,0,0,0,0,0,0,0,0,0,0,0,0,0,0,0,0,0,0,0,0,0,0,0,0,0,0,0,0,0,0,0,0,0,0,0,0,0,0,0,0,0,0,0,0,0,0,0,0,0,0,0,0,0,0,0,0,0,0,0,0,0,0,0,0,0,0,0
Neto_2015,Neto,2015,18/08/2015,27.88,28,0,4,0,0,0,5,0,5,0,0,0,0,0,0,0,1,0,3,3,0,0,0,0,0,0,0,0,0,0,0,0,0,0,0,0,0,0,0,0,0,0,0,0,0,0,0,0,0,0,0,0,1,0,0,0,0,0,0,0,2,0,0,0,0,0,0,0,0,0,0,0,0,0,0,0,0,0,0,0,0,0,0,0,0,0,0,0,0,0,0,0,0,0,0,0,0,0,0,0,0,0,0,0,0,0,0,2,0,0,0,0,0,0,0,0,0,0,0,0,0,0,0,0,0,0,0,0,0,0,0
Neto_2016,Neto,2016,13/10/2016,29.03,29,0,12,0,0,0,4,0,3,0,0,2,0,0,0,0,1,0,9,1,0,0,0,0,0,0,0,0,0,0,0,0,0,0,0,0,0,0,0,0,0,0,0,0,0,0,0,0,0,0,0,0,0,0,0,0,0,0,0,0,0,0,0,0,0,0,0,0,0,0,0,0,0,0,0,0,0,0,0,0,0,0,0,0,0,0,0,0,0,0,0,0,0,0,0,0,0,0,0,1,0,0,0,0,0,0,0,0,0,0,0,0,0,0,0,0,0,0,0,1,0,0,0,0,0,0,0,0,0,0,0
Palhal_2015,Palhal,2015,31/07/2015,27.83,28,0,20,0,0,0,2,2,0,0,0,1,0,0,0,0,0,0,3,0,0,1,0,0,0,0,1,0,0,0,0,0,0,0,0,0,0,0,0,0,0,0,0,0,0,0,0,0,0,0,0,0,0,0,0,0,0,0,0,0,0,0,0,0,0,0,0,0,0,0,0,0,0,0,0,0,0,0,0,0,0,0,0,0,0,0,0,0,0,0,0,0,0,0,0,0,0,0,0,0,0,0,0,0,0,0,0,0,0,0,0,0,0,0,0,0,0,0,0,0,1,0,0,0,0,0,0,0,0,0,0
Palhal_2016,Palhal,2016,06/10/2016,29.01,29,0,7,0,0,0,2,0,0,0,0,1,0,0,0,0,0,0,7,0,0,0,0,0,0,0,0,0,0,0,0,0,0,0,0,0,1,0,0,0,0,0,0,0,0,0,0,0,0,0,0,0,0,0,0,0,0,0,0,0,0,0,0,0,0,0,0,0,0,0,0,0,0,0,0,0,0,0,0,0,0,0,0,0,0,0,0,0,0,0,0,0,0,0,0,0,0,0,0,0,0,0,0,0,0,0,0,0,0,0,0,1,1,0,0,0,0,0,0,0,0,0,0,0,0,0,0,0,0,0,0
Panema_2015,Panema,2015,16/09/2015,27.96,28,0,0,0,0,0,0,0,0,0,0,0,0,0,0,0,0,0,0,0,0,0,0,0,0,0,0,1,0,0,0,0,0,0,0,0,0,0,0,0,0,0,0,0,0,0,0,0,0,0,0,0,0,0,0,0,0,0,0,0,0,0,0,0,0,0,0,0,0,0,0,0,0,0,0,0,0,0,0,0,0,0,0,0,0,0,0,0,0,0,0,0,0,0,0,0,0,0,0,0,0,0,0,0,0,0,0,0,0,0,0,0,0,0,0,0,0,0,0,0,0,1,0,0,0,0,0,0,0,0,0
Panema_2016,Panema,2016,02/09/2016,28.92,29,0,0,0,0,0,0,0,0,0,0,0,0,0,0,1,0,0,0,0,0,0,0,0,0,0,0,1,0,0,0,0,0,0,0,0,0,0,0,0,0,0,0,0,0,0,0,0,0,0,0,0,0,0,0,0,0,0,0,0,0,0,0,0,0,0,0,0,0,0,0,0,0,0,0,0,0,0,0,0,0,0,0,0,0,0,0,0,0,0,0,0,0,0,0,0,0,0,1,0,0,0,0,0,0,0,0,0,0,0,0,0,0,0,0,0,0,0,0,0,0,0,0,0,0,0,0,0,0,0,0
Pe_Torto_2015,Pe_Torto,2015,17/08/2015,27.88,28,0,12,0,0,0,0,0,0,0,0,0,0,0,0,0,0,0,0,0,0,0,0,0,0,0,0,0,0,0,0,1,0,0,0,0,0,0,0,0,0,0,0,0,0,0,0,1,0,0,0,0,0,0,0,0,0,0,0,0,0,0,0,0,0,0,0,0,0,0,0,0,0,0,0,0,0,0,0,0,0,0,0,0,0,0,0,0,0,0,2,0,0,0,0,0,0,0,0,0,0,7,0,0,0,0,0,1,0,0,0,0,0,0,0,0,0,0,0,1,0,0,1,0,0,0,0,0,0,0,0
Pe_Torto_2016,Pe_Torto,2016,10/10/2016,29.02,29,0,6,2,1,0,0,1,0,0,0,0,0,0,0,0,0,0,1,1,0,0,0,0,0,0,0,0,1,0,0,0,0,0,0,0,0,0,0,0,0,0,0,0,0,0,0,0,0,0,0,0,0,0,0,0,0,0,0,0,0,0,0,0,0,0,0,0,0,0,0,0,0,0,0,0,0,0,0,0,0,0,0,0,0,0,0,0,0,0,0,0,0,0,0,0,0,0,0,0,0,3,0,0,0,0,0,2,0,0,0,0,0,0,0,0,0,0,0,0,0,0,0,0,0,0,0,0,0,0,0
Piquia_2015,Piquia,2015,11/07/2015,27.78,28,1,1,0,0,0,0,0,0,1,1,0,0,1,0,0,0,1,2,2,0,0,0,0,0,2,0,0,0,0,0,0,0,0,1,0,0,0,0,0,0,0,0,0,0,0,0,0,0,0,0,0,0,0,0,0,0,0,1,0,0,0,0,0,0,0,0,0,0,0,0,3,0,0,0,0,0,0,0,0,0,0,0,0,0,0,0,0,0,0,0,0,0,0,0,0,0,0,0,0,0,0,0,0,0,0,0,1,0,0,0,1,0,0,0,0,0,0,0,0,0,0,0,0,0,0,0,0,0,0,0
Piquia_2016,Piquia,2016,21/11/2016,29.14,29,0,0,0,0,0,1,1,0,0,0,2,0,0,0,1,0,1,2,0,0,0,0,0,0,1,0,1,0,0,0,0,0,0,0,0,0,0,0,0,0,0,0,0,0,0,0,0,0,0,0,1,0,0,0,0,0,0,0,0,0,0,0,0,0,0,0,0,0,0,0,0,0,0,0,0,0,0,0,0,0,0,0,0,0,0,0,0,0,0,0,0,0,0,0,0,0,0,0,0,0,0,0,0,0,0,0,0,0,0,0,0,0,0,0,0,0,0,0,0,0,0,0,0,0,0,0,0,0,0,0
Pontal_2015,Pontal,2015,17/11/2015,28.13,28,0,4,0,0,0,0,1,0,0,2,0,0,0,0,0,0,1,7,0,0,0,0,3,1,4,0,0,0,0,0,0,1,0,0,2,0,0,0,0,0,0,0,0,0,0,0,0,0,0,0,0,0,0,0,0,0,0,0,0,0,0,0,0,0,0,0,0,0,0,0,0,0,0,0,0,0,0,0,0,0,0,0,0,0,0,0,0,0,0,0,0,0,0,0,0,0,0,0,0,0,0,0,0,0,0,0,0,0,0,0,0,0,0,0,0,0,0,0,0,0,0,0,1,1,0,0,0,0,0,0
Pontal_2016,Pontal,2016,17/09/2016,28.96,29,3,4,0,0,0,0,1,2,0,2,0,0,1,0,0,0,0,1,2,0,0,0,1,2,2,0,0,0,0,1,0,0,1,0,0,0,0,0,0,0,0,0,0,0,0,0,0,0,0,0,0,0,0,0,1,0,0,0,0,0,0,1,0,0,0,0,0,0,0,0,0,0,0,0,0,0,0,0,0,0,0,0,0,0,0,0,0,0,0,0,0,0,0,0,0,0,0,0,0,0,0,0,0,0,0,0,0,0,0,0,0,0,0,0,0,0,0,0,0,0,0,0,0,0,0,0,0,0,0,0
Porto_Seguro_2015,Porto_Seguro,2015,07/08/2015,27.85,28,0,1,0,0,0,2,1,6,0,5,0,0,6,0,1,0,0,0,0,0,0,0,2,4,5,3,0,2,1,0,0,1,0,1,2,0,2,0,2,0,0,0,0,0,0,3,0,0,0,0,0,0,0,0,0,0,0,0,1,0,0,0,0,0,0,0,0,0,0,0,0,0,0,0,0,0,0,0,0,0,0,0,0,0,0,0,0,0,0,0,0,0,0,0,0,0,0,0,0,0,0,0,0,0,0,1,0,0,0,0,0,0,0,0,0,0,0,0,0,0,0,0,0,0,0,0,0,0,0,0
Porto_Seguro_2016,Porto_Seguro,2016,30/09/2016,29,29,1,0,0,0,0,0,0,2,0,3,0,0,7,0,0,0,0,3,0,0,0,0,0,1,4,0,0,0,1,0,0,1,0,1,3,0,1,0,2,0,0,0,0,0,0,2,0,0,0,1,0,0,0,0,0,1,0,0,4,1,0,0,0,0,0,0,0,0,0,0,0,0,0,0,0,0,0,0,0,0,0,0,0,0,0,0,0,0,0,0,0,0,0,0,0,0,0,0,0,0,0,0,0,0,0,0,0,0,0,0,0,0,0,0,0,0,0,0,0,0,0,0,0,0,0,0,0,0,0,0
Relogio_2015,Relogio,2015,20/09/2015,27.97,28,0,15,1,0,0,3,1,0,0,1,0,0,2,0,1,0,1,9,0,0,0,0,0,1,2,0,0,0,0,0,0,0,0,0,0,0,1,0,0,0,0,0,0,0,0,0,0,0,0,0,0,0,0,0,0,0,0,0,0,0,0,0,0,0,0,0,0,0,0,0,0,0,0,0,0,0,0,0,0,0,0,0,0,0,0,0,0,0,0,1,0,0,0,0,0,0,0,0,0,0,0,0,0,0,1,0,2,0,0,0,0,0,0,0,0,0,0,0,0,0,0,0,0,0,0,0,0,0,0,0
Relogio_2016,Relogio,2016,28/10/2016,29.07,29,0,8,1,0,0,4,2,0,0,1,0,0,5,0,0,1,3,2,0,0,0,0,0,0,2,0,0,0,0,0,0,0,0,1,0,1,0,0,0,0,0,0,0,0,0,0,0,0,0,0,0,0,0,0,0,0,0,0,0,0,0,0,0,0,0,0,0,0,0,0,0,0,0,0,0,0,0,0,0,0,0,0,0,0,0,0,0,0,0,0,0,0,0,0,0,0,0,0,0,0,0,0,0,0,0,0,0,0,0,0,0,0,0,0,0,0,0,0,0,0,0,0,0,0,0,0,0,0,0,0
Sapupara_2015,Sapupara,2015,21/09/2015,27.97,28,0,0,0,0,0,1,1,3,0,0,0,0,2,0,0,0,0,4,0,0,0,0,0,0,0,0,1,0,0,0,0,0,0,2,0,0,0,0,0,0,0,0,0,0,0,0,0,0,0,0,0,0,0,0,0,0,0,0,0,0,0,0,0,0,0,0,0,0,0,0,0,0,0,0,0,0,0,0,0,0,0,0,0,0,0,0,0,0,0,0,0,0,0,0,0,0,0,0,0,0,0,0,0,0,0,0,0,0,1,0,0,0,0,0,0,0,0,0,0,0,0,0,0,0,0,0,0,0,0,0
Sapupara_2016,Sapupara,2016,27/10/2016,29.07,29,1,0,0,0,0,3,0,1,0,0,0,0,1,0,0,0,1,6,0,0,0,0,0,1,0,0,0,0,0,0,0,0,0,2,0,0,0,0,0,0,0,0,0,0,0,0,0,0,0,0,0,0,0,0,0,0,0,0,0,0,0,0,0,0,0,0,0,0,0,0,0,0,0,0,0,0,0,0,0,0,0,0,0,0,0,0,0,0,0,0,0,0,0,0,0,0,0,0,0,0,0,0,0,0,0,0,0,0,1,0,0,0,0,0,0,0,0,0,0,0,0,0,0,0,2,0,0,0,0,0
Torem_2015,Torem,2015,13/11/2015,28.12,28,0,0,2,0,0,0,0,0,0,0,0,0,0,0,0,1,0,0,0,0,0,0,0,0,0,0,0,0,0,0,2,0,0,0,0,0,0,0,0,0,0,0,0,0,0,0,0,0,0,0,0,0,0,0,0,0,0,0,0,0,0,0,0,0,0,0,0,0,0,0,0,0,0,0,0,0,0,0,0,0,0,0,0,0,0,0,0,0,0,0,0,0,0,0,0,0,0,0,0,0,1,0,0,0,0,0,0,0,0,0,0,0,0,0,1,0,0,0,0,0,0,0,0,0,0,0,0,0,0,0
Torem_2016,Torem,2016,28/08/2016,28.91,29,0,0,10,0,0,0,0,0,0,0,0,0,0,0,0,0,0,0,0,0,0,0,0,0,0,0,0,0,0,0,0,0,0,0,0,0,0,0,0,0,0,0,0,0,0,0,0,0,0,0,0,0,0,0,0,0,0,0,0,0,0,0,0,0,0,0,0,0,0,0,0,0,0,0,0,0,0,0,0,0,0,0,0,0,0,0,0,0,0,0,0,0,0,0,0,0,0,0,0,0,1,0,0,3,0,0,0,0,0,0,0,0,0,0,0,0,0,0,0,0,0,0,0,0,0,0,0,0,0,0
Tristeza_2015,Tristeza,2015,22/11/2015,28.14,28,0,5,0,0,0,1,2,0,0,4,4,0,0,4,1,0,0,3,1,0,0,0,0,2,5,0,0,0,0,0,3,0,0,0,0,1,0,0,0,0,1,0,0,0,0,0,0,0,0,0,0,0,0,0,0,0,0,1,0,0,0,1,0,0,0,1,0,0,0,0,0,0,0,0,0,1,0,0,0,0,0,0,0,0,0,0,0,0,0,0,0,0,3,0,0,0,0,0,0,0,1,0,0,0,0,0,0,0,1,0,0,0,0,0,0,0,0,0,0,0,0,0,0,0,0,1,1,0,0,0
Tristeza_2016,Tristeza,2016,04/11/2016,29.09,29,0,7,0,0,1,3,2,0,1,3,1,0,1,3,1,0,0,5,2,0,0,0,0,2,3,0,0,0,0,0,0,0,0,1,0,0,0,0,0,0,0,0,0,0,0,0,0,0,0,1,0,0,0,0,0,0,0,2,0,0,0,1,0,0,0,0,0,0,0,0,0,0,0,0,0,0,0,0,0,0,0,0,0,0,0,0,0,0,0,0,0,0,1,1,1,0,0,0,0,0,2,0,0,0,0,0,0,0,1,0,0,0,0,0,0,0,0,0,0,0,0,0,0,0,0,1,0,1,0,0
Tucumari_2015,Tucumari,2015,03/12/2015,28.17,28,0,2,0,0,0,1,1,1,0,1,1,0,1,0,0,0,1,1,0,0,0,0,0,3,9,0,0,1,0,0,0,0,0,2,2,0,1,0,0,0,0,0,0,1,0,0,0,0,0,2,0,0,0,0,0,0,0,0,0,0,0,1,0,0,0,0,0,0,0,0,0,0,0,0,0,0,0,0,0,0,0,0,0,0,0,0,0,0,0,0,0,0,0,0,0,0,0,0,0,0,0,0,0,0,0,0,0,0,1,0,0,0,0,0,0,0,0,0,0,0,0,0,0,0,0,0,0,0,0,0
Tucumari_2016,Tucumari,2016,08/08/2016,28.85,29,0,3,0,0,0,0,1,1,0,3,0,0,4,0,0,0,0,8,0,0,0,0,0,2,3,0,0,2,0,0,0,1,0,0,2,0,0,0,0,0,0,0,0,0,0,0,0,0,0,1,0,0,0,0,0,0,0,0,0,0,0,0,1,0,0,0,0,0,0,0,0,0,1,0,0,0,0,0,0,0,0,0,0,0,0,0,0,0,0,0,0,0,0,0,0,0,0,0,0,0,0,0,1,0,0,0,0,0,0,0,0,0,0,0,0,0,0,0,0,0,0,0,0,0,0,0,0,0,3,0
Xibe_2015,Xibe,2015,06/10/2015,28.01,28,0,0,3,0,0,0,0,0,0,0,0,0,0,0,0,0,0,0,0,0,0,0,0,0,0,0,0,0,0,0,0,0,0,0,0,0,0,0,0,0,0,0,0,0,0,0,0,0,0,0,1,0,0,0,0,0,0,0,0,0,0,0,0,0,0,0,0,0,0,0,0,0,0,0,0,0,0,0,0,0,0,0,0,0,0,0,0,0,0,0,0,0,0,0,0,0,0,0,0,0,0,0,0,0,0,0,1,0,0,0,0,0,0,0,0,0,0,0,0,0,0,0,0,0,0,0,0,0,0,0
Xibe_2016,Xibe,2016,11/07/2016,28.78,29,0,0,0,0,0,0,0,0,0,0,0,0,0,0,0,0,0,2,0,0,0,0,0,0,0,0,0,0,0,0,0,0,0,0,0,0,0,0,0,0,0,0,0,0,0,0,0,0,0,0,0,0,0,0,0,0,0,0,0,0,0,0,0,0,0,0,0,0,0,0,0,0,0,0,0,0,0,0,0,0,0,0,0,0,0,0,0,0,0,0,0,0,0,0,0,0,0,0,0,0,1,0,0,0,0,0,0,0,0,0,0,0,0,0,0,0,0,0,0,0,0,0,0,0,0,0,0,0,0,1
