species_CBRO_2021,species,diet,band,prnh,prnh_1,prnh_10,biom
Tinamus_major,Tinamus major,f,1,0.1,0,0,500
Tinamus_guttatus,Tinamus guttatus,f,2,0.21,0,0,1000
Crypturellus_variegatus,Crypturellus variegatus,f,8,0.93,0,1.35,3072
Hieraspiza_superciliosa,Accipiter supercilliosus,v,2,0.21,0,0,160
Micrastur_ruficollis,Micrastur ruficollis,v,6,0.82,0,1.35,1202.6
Micrastur_gilvicollis,Micrastur gilvicollis,v,44,5.55,0,4.06,9284
Penelope_jacquacu,Penelope jacuacu,f,1,0.1,0,0,1000
Odontophorus_gujanensis,Odontophorus gujanensis,f,1,0.1,0,0,255
Psophia_crepitans,Psophia crepitans,f,5,0.51,0,0,5000
Patagioenas_subvinacea,Columba subvinacea,f,2,0.21,0,0,256
Geotrygon_montana,Geotrygon montana,f,160,17.37,9.05,23,18000
Megascops_watsonii,Otus watsoni,v,2,0.21,0,5.41,295.2
Glaucidium_minutissimum,Glaucidium minutissimum,v,2,0.21,6.03,2.71,110.5
Phaethornis_superciliosus,Phaethornis superciliosus,n,163,19.02,36.19,23,896.5
Phaethornis_bourcieri,Phaethornis bourcieri,n,171,20.87,12.06,16.23,721.6
Campylopterus_largipennis,Campylopterus largipennis,n,30,3.6,3.02,1.35,256.2
Florisuga_mellivora,Florisuga mellivora,n,13,1.44,0,2.71,79.7
Thalurania_furcata,Thalurania furcata,n,141,14.7,12.06,16.23,566.8
Hylocharis_sapphirina,Hylocharis sapphirina,n,2,0.21,0,0,10
Topaza_pella,Topaza pela,n,5,0.72,0,0,50.5
Heliothryx_auritus,Heliothrys aurita,n,5,0.51,3.02,1.35,25
Trogon_viridis,Trogon viridis,f,0,0,0,0,0
Trogon_rufus,Trogon rufus,f,8,0.82,9.05,1.35,399
Chloroceryle_inda,Chloroceryle inda,p,10,1.23,0,0,511.7
Chloroceryle_aenea,Chloroceryle aenea,p/i,5,0.62,0,0,69.5
Momotus_momota,Momotus momota,v,71,8.94,0,16.23,9573.6
Galbula_albirostris,Galbula albirostris,i,95,12.33,51.27,18.94,1735.7
Jacamerops_aureus,Jacamerops aurea,i,3,0.31,0,0,183.8
Tamatia_tamatia,Bucco tamatia,i,3,0.31,15.08,0,108
Bucco_capensis,Bucco capensis,i,7,0.72,15.08,4.06,378
Malacoptila_fusca,Malacoptila fusca,i,51,7.81,27.14,27.06,2254.7
Nonnula_rubecula,Nonnula rubecola,i,1,0.1,0,0,20.3
Monasa_atra,Monasa atra,i,3,0.31,0,1.35,266
Pteroglossus_viridis,Pteroglossus viridis,f/v,1,0.1,0,0,140
Selenidera_piperivora,Selinedera culik,f/v,3,0.31,0,0,447
Ramphastos_vitellinus,Ramphastos vitellinus,f/v,2,0.21,0,0,600
Veniliornis_cassini,Venilliornis cassini,i,5,0.51,0,0,167.5
Piculus_flavigula,Piculus flavigula,msf,0,0,3.02,0,0
Celeus_elegans,Celeus elegans,i,5,0.51,0,1.35,690.5
Campephilus_rubricollis,Campephilus rubricollis,i,2,0.21,0,0,432
Dendrocincla_fuliginosa,Dendrocincla fuliginosa,i,73,10.69,18.09,23,2936.8
Dendrocincla_merula,Dendrocincla merula,i,230,47.08,0,4.06,12088.8
Deconychura_longicauda,Deconychura longicauda,msf,44,5.45,0,2.71,1283.9
Certhiasomus_stictolaemus,Deconychura stictolaema,msf,180,42.04,0,31.11,3042
Sittasomus_griseicapillus,Sittasomus griseicapillus,msf,9,1.03,27.14,6.76,123.7
Glyphorynchus_spirurus,Glyphorhynchus spirurus,i,458,88.5,93.49,120.4,6274.6
Hylexetastes_perrotii,Hylexetastes perrotii,i/v,42,5.35,0,9.47,4809
Dendrocolaptes_certhia,Dendrocolaptes certhia,i,27,2.88,9.05,2.71,1792.8
Dendrocolaptes_picumnus,Dendrocolaptes picumnus,i,7,0.93,0,2.71,550
Xiphorhynchus_pardalotus,Xiphorhynchus pardalotus,msf,244,40.81,114.6,89.29,9211
Campylorhamphus_trochilirostris,Campylorhamphus trochilirostris,msf,33,4.42,0,2.71,1135.2
Synallaxis_rutilans,Synallaxis rutilans,i,31,6.58,0,0,527
Philydor_erythrocercum,Philydor erythrocercus,msf,68,8.63,0,13.53,1571.5
Philydor_pyrrhodes,Philydor pyrrhodes,i,27,3.29,0,1.35,831.6
Automolus_ochrolaemus,Automolus ochralaemus,i,28,5.35,0,2.71,980.3
Automolus_infuscatus,Automolus infuscatus,msf,195,38.03,0,12.18,6107.4
Clibanornis_obscurus,Automolus rubiginosus,i,71,13.88,0,6.76,2592.9
Sclerurus_macconnelli,Sclerurus mexicanus,i,30,7.2,0,0,751.2
Sclerurus_rufigularis,Sclerurus rufigularis,i,122,28.68,0,0,2581.5
Sclerurus_caudacutus,Sclerurus caudacutus,i,71,12.03,0,4.06,2762.6
Microxenops_milleri,Xenops milleri,msf,1,0.1,0,0,11.3
Xenops_minutus,Xenops minutus,msf,116,17.99,3.02,14.88,1415.2
Cymbilaimus_lineatus,Cymbilaimus lineatus,i,2,0.21,0,0,70.7
Frederickena_viridis,Frederickena viridis,i,34,4.73,3.02,1.35,2315.7
Thamnophilus_murinus,Thamnophilus murinus,i,50,5.96,9.05,0,888
Thamnomanes_ardesiacus,Thamnomanes ardesiacus,msf,333,73.29,69.36,48.7,6097.2
Thamnomanes_caesius,Thamnomanes caesius,msf,330,49.03,15.08,28.41,5765.1
Isleria_guttata,Myrmotherula guttata,i,123,22.72,3.02,20.29,1264.4
Epinecrophylla_gutturalis,Myrmotherula gutturalis,msf,250,46.56,3.02,12.18,2175
Myrmotherula_axillaris,Myrmotherula axillaris,msf,140,20.04,15.08,6.76,1082.2
Myrmotherula_longipennis,Myrmotherula longipennis,msf,230,39.06,48.25,39.23,1920.5
Myrmotherula_menetriesii,Myrmotherula menetriesii,msf,135,17.99,9.05,14.88,1081.4
Cercomacroides_tyrannina,Cercomacra tyrannina,i,1,0.1,0,0,18.3
Hypocnemis_cantator,Hypocnemis cantator,i,209,33.72,39.2,8.12,2464.1
Sclateria_naevia,Sclateria naevia,i,1,0.1,0,0,21.5
Percnostola_rufifrons,Percnostola rufifrons,i,239,42.86,48.25,35.17,6883.2
Myrmelastes_leucostigma,Percnostola leucostigma,i,57,9.05,0,0,1384
Myrmoderus_ferrugineus,Myrmeciza ferruginea,i,86,13.26,45.24,10.82,2125.1
Myrmophylax_atrothorax,Myrmeciza atrothorax,i,1,0.1,0,0,18.5
Pithys_albifrons,Pithys albifrons,i,836,210.82,0,6.76,17021
Gymnopithys_rufigula,Gymnopithys rufigula,i,509,120.06,0,25.7,14832.3
Hylophylax_naevius,Hylophylax naevia,i,53,11,18.09,0,672.6
Willisornis_poecilinotus,Hylophylax poecilinota,i,577,159.63,144.75,91.99,9687.8
Formicarius_colma,Formicarius colma,i,163,24.77,15.08,31.11,7504.5
Formicarius_analis,Formicarius analis,i,28,3.6,0,5.41,1742.7
Myrmornis_torquata,Myrmornis torquata,i,91,18.91,15.08,20.29,4062.2
Grallaria_varia,Grallaria varia,i,8,1.03,0,0,975
Hylopezus_macularius,Hylopezus macularius,i,26,3.49,0,1.35,1099.8
Myrmothera_campanisona,Myrmothera campanisona,i,2,0.21,0,0,95.3
Conopophaga_aurita,Conopophaga aurita,i,60,10.07,9.05,16.23,1422.6
Phoenicircus_carnifex,Phoenicercus carnifex,f,5,0.51,0,0,472.5
Lipaugus_vociferans,Lipaugus vociferans,f,7,0.72,0,0,511.4
Ceratopipra_erythrocephala,Pipra erythrocephala,f,43,4.63,0,0,529.8
Pseudopipra_pipra,Pipra pipra,f,490,69.49,24.13,66.29,5786.9
Lepidothrix_serena,Pipra serena,f,150,24.57,0,0,1597.5
Corapipo_gutturalis,Corapipo gutturalis,f,55,6.68,6.03,9.47,451
Neopipo_cinnamomea,Neopipo cinnamomea,"f, i?",1,0.1,0,0,7
Tyranneutes_virescens,Tyranneutes virescens,"f, i?",2,0.21,0,1.35,17.3
Piprites_chloris,Piprites chloris,"f, i",1,0.1,0,0,17
Schiffornis_turdina,Schiffornis turdinus,"f,i",196,50.57,0,32.47,6573.8
Terenotriccus_erythrurus,Terenotriccus erythrurus,i,43,5.04,30.16,6.76,289
Attila_spadiceus,Attila spadiceus,i,2,0.21,0,0,63.8
Rhytipterna_simplex,Rhytipterna simplex,i,8,0.93,0,0,275.7
Laniocera_hypopyrra,Laniocera hypopyrrha,i?,4,0.41,0,0,196
Myiobius_barbatus,Myiobius barbatus,i,209,33.61,18.09,16.23,2205
Onychorhynchus_coronatus,Onychorhynchus coronatus,i,44,8.74,0,0,647.2
Platyrinchus_platyrhynchos,Platyrinchus platyrhynchos,i,9,0.93,0,4.06,110.2
Platyrinchus_coronatus,Platyrinchus coronatus,i,138,21.38,0,28.41,1184
Platyrinchus_saturatus,Platyrinchus saturatus,i,146,31.86,6.03,1.35,1522.8
Tolmomyias_assimilis,Tolmomyias assimilis,msf,1,0.1,3.02,0,13.5
Rhynchocyclus_olivaceus,Rhynchocyclus olivaceus,msf,40,5.86,24.13,9.47,780
Ramphotrigon_ruficauda,Ramphotrigon ruficauda,i,12,1.54,0,0,224.6
Hemitriccus_minor,Hemitriccus minor,i,9,0.93,6.03,1.35,76.8
Lophotriccus_galeatus,Lophotriccus galeatus,i,2,0.21,0,1.35,16
Mionectes_macconnelli,Mionectes macconnelli,i,310,39.78,42.22,10.82,3822.3
Corythopis_torquatus,Corythopis torquata,i,161,34.43,3.02,9.47,2403.7
Pheugopedius_coraya,Thryothorus coraya,i,3,0.51,3.02,0,49.5
Cantorchilus_leucotis,Thryothorus leucotis,i,1,0.1,0,0,15
Troglodytes_musculus,Troglodytes aedon,i,1,0.1,0,2.71,11.5
Microcerculus_bambla,Microcerculis bambla,i,85,16.45,0,1.35,1428.9
Cyphorhinus_arada,Cyphorhinus arada,i,171,30.12,3.02,58.17,3452.5
Catharus_fuscescens,Catharus fuscescens,"f,i",7,0.72,0,0,193.1
Catharus_minimus,Catharus minimus,"f,i",7,0.72,0,0,208.3
Turdus_albicollis,Turdus albicollis,"f,i",285,55.4,9.05,62.23,14096.1
Microbates_collaris,Microbates collaris,i,210,43.07,18.09,43.29,2244.9
Ramphocaenus_melanurus,Ramphocaenus melanurus,i,1,0.1,9.05,0,9
Sporophila_angolensis,Oryzoborus angolensis,f,2,0.21,0,0,25.6
Arremon_taciturnus,Arremon taciturnus,"i,f",4,0.41,0,0,89.5
Saltator_grossus,Pitylus grossus,f,4,0.41,6.03,0,174
Cyanoloxia_rothschildii,Cyanocompsa cyanoides,f,33,5.24,0,1.35,847.8
Hemithraupis_flavicollis,Hemithraupis flavicollis,f,0,0,0,0,0
Lanio_fulvus,Lanio fulvus,msf,12,1.54,0,0,300
Loriotus_cristatus,Tachyphonus cristatus,"f,i",5,0.51,6.03,0,91.8
Maschalethraupis_surinamus,Tachyphonus surinamus,"f,i",102,12.33,15.08,9.47,2094.1
Ramphocelus_carbo,Ramphocelus carbo,f,1,0.1,12.06,0,24.2
Tangara_chilensis,Tangara chilensis,f,2,0.21,0,0,29.5
Ixothraupis_punctata,Tangara punctata,f,1,0.1,0,0,14.3
Dacnis_cayana,Dacnis cayana,f,1,0.1,0,0,13
Chlorophanes_spiza,Chlorophanes spiza,f,2,0.21,6.03,0,31.8
Coereba_flaveola,Coereba flaveola,f,3,0.31,3.02,0,26.6
Myiothlypis_rivularis,Phaeothlypis rivularis,i,13,2.06,0,0,169
Pachysylvia_muscicapina,Hylophilus muscicapinus,msf,0,0,0,1.35,0
Tunchiornis_ochraceiceps,Hylophilus ochraceiceps,msf,150,32.79,0,27.06,1518
